목요일-연애혁명,목요일-롤랑롤랑,금요일-고래별,금요일-외모지상주의,수요일-고수,수요일-귀곡의문,월요일-뷰티풀군바리,월요일-유일무이로맨스,일요일-싸움독학,일요일-이번생도잘부탁해,토요일-어글리후드,토요일-호랑이형님,화요일-숲속의담,화요일-여신강림
"('솔직히', 18)","('귀여운', 4)","('좋겠다', 11)","('같음', 16)","('아닐까', 10)","('나쁜', 4)","('좋은', 10)","('같음', 6)","('좋겠다', 5)","('어떤', 3)","('같음', 6)","(nan, 29)","('아닐까', 5)","('좋아요', 8)"
"('자림이가', 16)","('같음', 3)","('좋다', 7)","('솔직히', 14)","('아님', 9)","('아닌가', 4)","('좋겠다', 10)","('좋아하는', 6)","('노란', 4)","('같음', 3)","('아님', 4)","('빠르가', 27)","('같음', 3)","('좋겠다', 6)"
"('좋은', 10)","('귀여워', 3)","('어떤', 5)","('좋겠다', 9)","('같습니다', 7)","('아님', 4)","('같음', 8)","('아니라고', 4)","('아니냐', 3)","('사랑스럽', 3)","('어떤', 3)","('빠르는', 17)","('슬프다', 3)","('솔직히', 6)"
"('좋아하는', 10)","('아닐까', 3)","('좋은', 4)","('같습니다', 9)","('많은', 7)","('같음', 4)","('아님', 8)","('아닐까', 4)","('같음', 3)","('유일하게', 2)","('없다', 3)","('같습니다', 16)","('행복하게', 3)","('나쁜', 4)"
"('아님', 9)","('소중하게', 2)","('편히', 3)","('아니냐', 7)","('좋은', 6)","('있네', 3)","('솔직히', 8)","('당연히', 3)","('좋아하는', 3)","('없다는', 2)","('있다면', 3)","('아린', 11)","('없네', 3)","('시끄럽게', 4)"
"('없어', 7)","('잘생긴', 2)","('아닌데', 3)","('작은', 6)","('아니냐', 4)","('귀엽고', 3)","('미친', 7)","('같아서', 3)","('정확히', 3)","('귀여운', 2)","('새로운', 3)","('아린의', 10)","('있지', 2)","('없고', 3)"
"('좋겠다', 7)","('솔직히', 2)","('좋겠고', 3)","('나쁜', 5)","('같음', 4)","('좋아', 3)","('없다', 6)","('좋은', 3)","('멋있네', 2)","('착해지려는', 1)","('재밌다', 3)","('같음', 9)","('선한', 2)","('좋은', 3)"
"('아닌가', 7)","('반갑다', 2)","('없다', 3)","('없음', 5)","('어떤', 4)","('없어', 3)","('없지', 5)","('어떤', 3)","('아닌데', 2)","('아니냐', 1)","('좋은데', 2)","('아린은', 8)","('유일하게', 2)","('행복하게', 3)"
"('좋아요', 7)","('귀엽다', 2)","('없는데', 3)","('없고', 5)","('없다', 4)","('강한', 3)","('아닌가', 5)","('아님', 3)","('있음', 2)","('없냐', 1)","('행복하자', 2)","('아린이', 8)","('있는것', 2)","('좋아', 3)"
"('자림이는', 6)","('망했다', 2)","('행복하게', 3)","('안되는', 5)","('솔직히', 4)","('충분히', 3)","('아닙니다', 5)","('있음', 3)","('아님', 2)","('아닌듯', 1)","('있다는', 2)","('많은', 7)","('싫어하는', 2)","('없어', 3)"
"('확실히', 5)","('아픈', 2)","('좋아요', 3)","('아니라고', 5)","('있었지만', 3)","('솔직히', 2)","('없고', 4)","('없고', 3)","('없다', 2)","('있겠니', 1)","('확실한', 2)","('붉은', 6)","('새로', 2)","('없다', 3)"
"('좋아하고', 5)","('같습니다', 2)","('아닐', 2)","('중요한', 5)","('확실히', 3)","('있음', 2)","('없음', 4)","('좋겠다', 3)","('없지만', 2)","('슬프냐', 1)","('태평하게', 2)","('아니냐', 6)","('어떡해', 2)","('좋았는데', 2)"
"('있는거', 5)","('이럴', 2)","('어렵다는건', 2)","('좋아요', 5)","('다르게', 3)","('친한', 2)","('미쳤다', 4)","('안됨', 2)","('다른건', 2)","('무서웠는데', 1)","('좋겠다', 2)","('빠르도', 6)","('좋아', 2)","('좋아하는', 2)"
"('힘들게', 5)","('다를', 2)","('있는게', 2)","('아닐까', 5)","('있지만', 3)","('있지만', 2)","('좋아하는', 4)","('없어요', 2)","('안되니까', 1)","('좋아하는', 1)","('미쳤나', 2)","('강한', 6)","('좋겠습니다', 2)","('좋아할', 2)"
"('없는데', 5)","('없다는', 2)","('아닐까', 2)","('좋은', 4)","('있었던', 3)","('아니야', 2)","('아닌데', 4)","('아닌거', 2)","('좋아한다', 1)","('가난해', 1)","('좋은', 2)","('아린과', 5)","('안녕하세요', 2)","('조용히', 2)"
"('아니냐', 4)","('좋지', 2)","('어떤지', 2)","('있음', 4)","('없는데', 3)","('이상하게', 2)","('부탁드립니다', 4)","('미안한데', 2)","('빠르네', 1)","('행복하게', 1)","('솔직히', 2)","('좋은', 5)","('꾸준히', 2)","('같냐', 2)"
"('그럴', 4)","('많은', 2)","('같아서', 2)","('빠른', 4)","('힘들게', 3)","('있는거', 2)","('많은', 4)","('있지', 2)","('예쁜', 1)","('안쓰럽네요', 1)","('궁금하다', 2)","('아닐까', 5)","('좋겠다', 2)","('많아서', 2)"
"('아닌듯', 4)","('아니야', 2)","('미어진다', 2)","('안됨', 4)","('있음', 3)","('중요한', 2)","('있기', 4)","('같아도', 2)","('당하면', 1)","('막연히', 1)","('미친', 2)","('없네', 5)","('행복해지면', 2)","('없어서', 2)"
"('이쁘다', 4)","('아니냐고', 2)","('굳건', 2)","('아님', 4)","('괴로워', 3)","('빡친거', 2)","('좋아요', 4)","('많고', 2)","('없지', 1)","('막막한데', 1)","('없다고', 2)","('시를', 4)","('멍청한게', 1)","('있다고', 2)"
"('좋아한다고', 4)","('같기도', 2)","('좋겠어요', 2)","('아닌가', 3)","('대단한', 3)","('귀엽다', 2)","('많아서', 3)","('아니길', 2)","('소심했을까', 1)","('있어도', 1)","('좋다', 2)","('없으니', 4)","('괴로울듯', 1)","('싫어', 2)"
"('싫다', 4)","('귀여워서', 2)","('아니다', 2)","('없죠', 3)","('부족한', 2)","('같아서', 2)","('좋음', 3)","('솔직히', 2)","('있었나', 1)","('그럴려면', 1)","('강한', 2)","('중요한', 4)","('특이한', 1)","('같아서', 2)"
"('좋다', 4)","('아닌가요', 2)","('있겠네요', 2)","('많아서', 3)","('높은', 2)","('싫다고', 2)","('없는데', 3)","('조켓다', 2)","('이상하게', 1)","('아팠을텐데', 1)","('그러더니', 2)","('있음', 4)","('이상한', 1)","('아닌데', 2)"
"('아닐까', 4)","('같았어', 2)","('슬프다', 2)","('많고', 3)","('없는거', 2)","('아니겠지', 2)","('아니다', 3)","('가깝게', 2)","('익숙한', 1)","('작작해', 1)","('어려운', 2)","('확실히', 4)","('진지한', 1)","('불쌍하잖아요', 2)"
"('바빠', 4)","('귀엽고', 2)","('많은', 2)","('원하는', 3)","('안된다', 2)","('있었던', 2)","('좋네', 3)","('편하게', 2)","('있었던가', 1)","('옳지', 1)","('이쁜', 2)","('솔직히', 4)","('귀엽고', 1)","('당연히', 2)"
"('없고', 3)","('귀여운데', 2)","('미안하다는', 2)","('있네', 3)","('그렇다면', 2)","('당연히', 2)","('확실히', 3)","('한심하다', 2)","('아팠었고', 1)","('전화하는거', 1)","('많아서', 2)","('빠르야', 4)","('유사한', 1)","('아깝다', 2)"
"('좋아해서', 3)","('행복해요', 2)","('같음', 2)","('미친', 3)","('그렇지', 2)","('멋있다', 2)","('그렇지', 3)","('많은데', 2)","('아니라고', 1)","('아프네', 1)","('있네요', 2)","('엄청난', 3)","('근접하게', 1)","('이런거', 2)"
"('설레', 3)","('그런거', 2)","('나쁜', 2)","('좋게', 3)","('원하는', 2)","('저래', 2)","('아니냐', 3)","('없다', 1)","('아닌것', 1)","('아프셔서', 1)","('멀쩡하네', 2)","('아님', 3)","('있으니', 1)","('아닌가요', 2)"
"('있나', 3)","('아프지', 2)","('있으니', 2)","('확실히', 2)","('진정한', 2)","('좋은', 2)","('좋고', 3)","('꾸준히', 1)","('뻔했는데', 1)","('아프시니', 1)","('같아서', 2)","('딱히', 3)","('멀쩡했지만', 1)","('빨개지고', 2)"
"('미안해', 3)","('아니구나', 1)","('좋아하는', 2)","('안좋은', 2)","('선한', 2)","('아니지만', 2)","('많음', 3)","('수상하다', 1)","('없는거로', 1)","('재밌게', 1)","('의해', 2)","('있는건', 3)","('없던', 1)","('영원한', 2)"
"('충분히', 3)","('있던건', 1)","('없으니', 2)","('착한', 2)","('상당히', 2)","('무섭', 2)","('있네', 3)","('수상하다가', 1)","('짧은', 1)","('있었다는', 1)","('있음', 2)","('흰마', 3)","('있는거', 1)","('많은', 2)"
"('죄송합니다', 3)","('아니였을까요', 1)","('아파', 2)","('좋은데', 2)","('없는게', 2)","('좋겠다', 2)","('착한', 3)","('그랬고', 1)","('대단한데', 1)","('건강하세요', 1)","('멋져요', 2)","('아린을', 3)","('아녀', 1)","('그래지고', 2)"
"('있었고', 3)","('확실히', 1)","('좋겠음', 2)","('재밌게', 2)","('아니라는', 2)","('안전하게', 2)","('빡치면', 2)","('궁금하다', 1)","('어마어마한', 1)","('힘들고', 1)","('멀쩡해', 2)","('비슷한', 3)","('있으라는', 1)","('없었다', 2)"
"('나쁜', 3)","('방심했는데', 1)","('어떡해', 2)","('큼직한', 2)","('있는가', 2)","('착한', 2)","('좋나', 2)","('꿋꿋하게', 1)","('아닐까', 1)","('같았음', 1)","('좋아', 2)","('없는데', 3)","('없으니까', 1)","('힘들었을텐데', 2)"
"('같은거', 3)","('역안에', 1)","('안좋은', 2)","('약해서', 2)","('있냐', 2)","('없을', 2)","('있어도', 2)","('좋아서', 1)","('신기하게도', 1)","('아쉽게', 1)","('있었던', 2)","('있죠', 3)","('안될', 1)","('힘들', 2)"
"('좋아', 3)","('짜릿한가', 1)","('없었으면', 2)","('다르네', 2)","('이상하게', 2)","('좋다', 2)","('없습니다', 2)","('있었는데', 1)","('아니야', 1)","('귀엽', 1)","('노란', 2)","('있었는데', 3)","('귀여우시고', 1)","('싫어하는', 2)"
"('반갑다', 3)","('귀엽네요', 1)","('안되는', 1)","('없는거', 2)","('있게', 2)","('위험한', 2)","('좋다고', 2)","('죄송하고요', 1)","('없어서', 1)","('미친', 1)","('가능한', 2)","('불쌍한', 3)","('안타까워', 1)","('어떡하냐', 1)"
"('있음', 3)","('먼데서', 1)","('가능할', 1)","('강한', 2)","('없어', 2)","('상냥해', 2)","('있었는데', 2)","('같으면', 1)","('그런거', 1)","('있냐고', 1)","('없겠다', 2)","('귀엽네', 3)","('괜찮지', 1)","('어때요', 1)"
"('귀여워', 3)","('섹시하다', 1)","('빡친다', 1)","('있다고', 2)","('아닙니다', 2)","('없나', 2)","('친하게', 2)","('맛있다며', 1)","('편안하게', 1)","('비슷하다고', 1)","('진지하다면서요', 1)","('이상하게', 3)","('중요한거', 1)","('아니냐', 1)"
"('미친', 3)","('필요해', 1)","('그러고도', 1)","('있었는데', 2)","('있지', 2)","('많은', 2)","('당하고', 2)","('나쁜', 1)","('예뻐하던', 1)","('짠하다', 1)","('그리웠', 1)","('있는거', 3)","('확실히', 1)","('무섭네', 1)"
"('좋겠습니다', 3)","('미친', 1)","('실패한', 1)","('있을듯', 2)","('다를', 2)","('재미있게', 2)","('빡친', 2)","('변한것', 1)","('같지도', 1)","('있다고', 1)","('어색한', 1)","('불쌍해', 3)","('없을', 1)","('재밌다', 1)"
"('싫어하는', 3)","('있기는', 1)","('어리석은', 1)","('있었네', 2)","('없고', 2)","('나쁘신', 2)","('쉬운', 2)","('같던데', 1)","('없다고', 1)","('기대할게요', 1)","('유쾌하면서', 1)","('굉장히', 3)","('있었다면', 1)","('차갑던', 1)"
"('안될', 3)","('있다고도', 1)","('약한', 1)","('많은', 2)","('이쁩니다', 2)","('나쁘다', 2)","('이쁜', 2)","('그럴수가', 1)","('가능하다', 1)","('아프잖아', 1)","('위험해', 1)","('있다는', 3)","('어른스러워지는', 1)","('붉어졌고', 1)"
"('없다고', 3)","('슬프다', 1)","('많았다', 1)","('그러다', 2)","('많아서', 2)","('당연하다', 2)","('있었습니다', 2)","('없는디', 1)","('중대한', 1)","('궁금하다', 1)","('아니라니까', 1)","('당하고', 2)","('같아서', 1)","('행복해', 1)"
"('차갑게', 3)","('더럽게', 1)","('많고', 1)","('새로', 2)","('있었구나', 1)","('나쁜가', 2)","('힘든게', 2)","('없죠', 1)","('없데요', 1)","('길게', 1)","('진지한', 1)","('아니었던', 2)","('안쓰러워요', 1)","('없지', 1)"
"('재밌는', 3)","('불안정해', 1)","('무섭다고', 1)","('없지', 2)","('잔잔한', 1)","('있겠지', 2)","('같긴', 2)","('많은거', 1)","('안녕하세요', 1)","('비슷한', 1)","('미치겠다', 1)","('아니다', 2)","('좋은데', 1)","('너무한것', 1)"
"('유명한', 3)","('강해져서', 1)","('그런데도', 1)","('비슷한', 2)","('같아서', 1)","('아니냐고', 1)","('딱히', 2)","('그랬잖아', 1)","('뿐입니다', 1)","('같으면서', 1)","('어떻', 1)","('안되는데', 2)","('싫어하는걸', 1)","('같긴', 1)"
"('없나', 2)","('붉더라', 1)","('원했는데', 1)","('귀엽잖아', 2)","('조마조마하게', 1)","('왠만한', 1)","('있지만', 2)","('귀여워', 1)","('높으나', 1)","('있는걸', 1)","('없으면서', 1)","('빠른', 2)","('아파', 1)","('많아도', 1)"
"('진지하게', 2)","('행복하게', 1)","('슬플듯', 1)","('이쁘네', 2)","('강하구나', 1)","('안쓰러워', 1)","('짜증날듯', 2)","('쎄하게', 1)","('많은', 1)","('있네', 1)","('같으면서도', 1)","('아닌거', 2)","('짠해요', 1)","('쓸데없는', 1)"
"('활기찬', 2)","('급하게', 1)","('있을지', 1)","('재미있는데', 2)","('배불러있으면', 1)","('무서워하는거냐고', 1)","('있었으면', 2)","('독하다', 1)","('필요합니다', 1)","('귀여워', 1)","('다르게', 1)","('아니구나', 2)","('힘들다는', 1)","('쓸데없고', 1)"
"('자림이와', 2)","('이럼', 1)","('무사해라', 1)","('아닌데', 2)","('당연히', 1)","('직하고', 1)","('희는', 2)","('좋아하는거', 1)","('아닙니다', 1)","('무사히', 1)","('고맙다고', 1)","('강해질', 2)","('차가운', 1)","('꾸준한', 1)"
"('궁금함', 2)","('무서워', 1)","('그러는', 1)","('재미있다', 2)","('먼가', 1)","('괜찮은데', 1)","('죄송하다고', 2)","('귀엽다', 1)","('그러니', 1)","('미치도록', 1)","('힘들어', 1)","('아닌듯', 2)","('아프다', 1)","('여전히', 1)"
"('같지만', 2)","('이쁘다', 1)","('없었던', 1)","('힘들게', 2)","('건강하세요', 1)","('안되는', 1)","('이쁘다', 2)","('있으니까', 1)","('이래나', 1)","('엄청난', 1)","('속상함', 1)","('그러네', 2)","('대단하', 1)","('뻔히', 1)"
"('어떨까', 2)","('있게', 1)","('성장했다는', 1)","('멋있다', 2)","('완벽하게', 1)","('있긴', 1)","('없었는데', 2)","('아닌가', 1)","('저래나', 1)","('뿌듯해', 1)","('완전함을', 1)","('시들한테', 2)","('행복하세요', 1)","('똑같다', 1)"
"('좋아하는거', 2)","('그러는', 1)","('슬프고', 1)","('같냐', 2)","('있었습니다', 1)","('없긴하지', 1)","('좋게', 2)","('아니겠지', 1)","('힘든', 1)","('많다니까', 1)","('아니었냐', 1)","('아린에게', 2)","('서늘해요', 1)","('미안한데', 1)"
"('아닌거', 2)","('분명한데', 1)","('긴박한', 1)","('재밌는데', 2)","('뛰어나', 1)","('친절한거', 1)","('있음', 2)","('같구용', 1)","('있어서는', 1)","('많으면', 1)","('마라', 1)","('정확히', 2)","('평화롭게', 1)","('괜찮아는', 1)"
"('미안하고', 2)","('빡친것', 1)","('무사하길', 1)","('아니에요', 2)","('괜찮지', 1)","('하찮음', 1)","('같지만', 2)","('당하던', 1)","('상당한', 1)","('비싼', 1)","('없으면', 1)","('특이한', 2)","('귀엽다', 1)","('예쁜', 1)"
"('없지', 2)","('멋있어', 1)","('있다는것', 1)","('그렇', 2)","('없다고', 1)","('성장하길', 1)","('없다는', 2)","('설렌다', 1)","('옳습니다', 1)","('많다면', 1)","('안되는건데', 1)","('상당한', 2)","('같지는', 1)","('이뻐요', 1)"
"('심하게', 2)","('아련하게', 1)","('싫다', 1)","('뻔하다', 2)","('거대해', 1)","('기대할게', 1)","('어떤', 2)","('아닐', 1)","('당할', 1)","('이럴', 1)","('슬프네', 1)","('없던', 2)","('아니까', 1)","('당당하게', 1)"
"('미치게', 2)","('없었다는', 1)","('기대했는데', 1)","('안되나', 2)","('부럽지', 1)","('있을까', 1)","('빡친거', 2)","('좋아한', 1)","('없거든', 1)","('없었던', 1)","('필요없음', 1)","('어떤', 2)","('당하다가', 1)","('이쁘', 1)"
"('재밌게', 2)","('괜찮더니', 1)","('독하다는건', 1)","('그러니', 2)","('힘든', 1)","('뻔했는데', 1)","('있었음', 2)","('있는줄', 1)","('없었음', 1)","('싫다', 1)","('냉정해지고', 1)","('궁금합니다', 2)","('그리워하며', 1)","('장하게만', 1)"
"('있는게', 2)","('장하다', 1)","('불안하겠지만', 1)","('어떨까', 2)","('있게끔', 1)","('무서울', 1)","('정확한', 2)","('똑같아', 1)","('많음', 1)","('아니지', 1)","('강해졌네요', 1)","('아닌가', 2)","('수상하고', 1)","('잘생기게', 1)"
"('아닌데', 2)","('있으려나', 1)","('부럽다', 1)","('있으니까', 2)","('확실하게', 1)","('적응했구나', 1)","('없는거', 2)","('있었어', 1)","('어떨지', 1)","('있을거', 1)","('강해', 1)","('느리다고', 2)","('슬퍼', 1)","('원하시는', 1)"
"('괜찮아요', 2)","('조마조마했는데', 1)","('맑게', 1)","('당하고', 2)","('유일할듯', 1)","('성공한거', 1)","('무사히', 2)","('대단하네', 1)","('궁금함', 1)","('같아여', 1)","('잘생겼네요', 1)","('무서워', 2)","('사랑스럽고', 1)","('이쁜데', 1)"
"('없지만', 2)","('행복해', 1)","('아닌건', 1)","('인해', 2)","('인해', 1)","('불쌍함', 1)","('없죠', 2)","('좋아하는데', 1)","('애매한데', 1)","('아닐까', 1)","('강해지겠네요', 1)","('없습니다', 2)","('짠한', 1)","('예쁘고', 1)"
"('있도록', 2)","('불길하네', 1)","('없다는', 1)","('멋지다', 2)","('탁히기', 1)","('똑똑히', 1)","('저렇게는', 2)","('시기하지도', 1)","('비슷해', 1)","('미안해서', 1)","('미친거', 1)","('필요한', 2)","('무섭다', 1)","('좋은데', 1)"
"('어이없네', 2)","('없었을', 1)","('있겠어', 1)","('확실하게', 2)","('없다는거', 1)","('아픈거', 1)","('멍청한', 2)","('착하고', 1)","('없고', 1)","('좋겠다', 1)","('작게', 1)","('쎘던거야', 2)","('두근거린다', 1)","('없음', 1)"
"('불쌍한', 2)","('아닐것으로', 1)","('힘들다', 1)","('잘생기고', 2)","('유리한', 1)","('빡칠', 1)","('싫음', 2)","('좋아하나보다', 1)","('완전히', 1)","('확실히', 1)","('아닌듯', 1)","('강하다고', 2)","('귀여워요', 1)","('행복하면', 1)"
"('있네', 2)","('비열한', 1)","('안된다', 1)","('없을', 2)","('힘든데', 1)","('없네', 1)","('싫어', 2)","('행복해지는걸', 1)","('잘생겼다', 1)","('좋은', 1)","('이상했는데', 1)","('아니지만', 2)","('끔찍한', 1)","('안되는게', 1)"
"('좋아하는게', 2)","('같은건', 1)","('섭섭하지', 1)","('참신한', 2)","('회복한답시고', 1)","('아프다고', 1)","('안되는', 2)","('많어', 1)","('불쌍한', 1)","('기막히시네', 1)","('조졌는데', 1)","('비슷하게', 2)","('더함', 1)","('괜찮은', 1)"
"('그런듯', 2)","('그래두', 1)","('그렇다면', 1)","('좋겠습니다', 2)","('굴치면', 1)","('중요한게', 1)","('좋으면', 2)","('당당하고', 1)","('불쌍해', 1)","('대단한게', 1)","('당연하지', 1)","('왠만한', 2)","('착하셔서', 1)","('아니지', 1)"
"('싫은', 2)","('부패한', 1)","('같단', 1)","('같은데요', 2)","('새로', 1)","('짠해', 1)","('있든', 2)","('여린', 1)","('없는게', 1)","('있길래', 1)","('자유로워서', 1)","('아린이나', 2)","('있었구나', 1)","('그러는', 1)"
"('같아도', 2)","('편하게', 1)","('곧은', 1)","('똑같은', 2)","('다르다', 1)","('빡쳤잖아', 1)","('좋지', 2)","('없는데', 1)","('있는걸', 1)","('괜찮은데', 1)","('그런거냐고', 1)","('강한거', 2)","('행복하자', 1)","('몰두하지', 1)"
"('재밌어', 2)","('그럴', 1)","('잔인해서', 1)","('같아서', 2)","('쓰리', 1)","('강하다', 1)","('아니라는', 2)","('짠함', 1)","('싸한', 1)","('불편하셨다면', 1)","('안되는구나', 1)","('아파', 2)","('없어서', 1)","('어려운데', 1)"
"('있어서는', 2)","('부당하게', 1)","('아니길', 1)","('멋져', 2)","('반갑잖아', 1)","('유약해서', 1)","('착하다', 2)","('있었으면', 1)","('몰락하기', 1)","('죄송합니다', 1)","('무섭다', 1)","('아닙니다', 2)","('너무한거', 1)","('화려하게', 1)"
"('좋겠어요', 2)","('낮은', 1)","('서글프고', 1)","('약한게', 2)","('없었겠죠', 1)","('좋아하시는것', 1)","('착한거', 2)","('좋겠네요', 1)","('쉬운데', 1)","('없니', 1)","('중요했다는', 1)","('빠르와', 2)","('아니야', 1)","('다양하게', 1)"
"('잘생겼다', 2)","('아니라면', 1)","('애달프다', 1)","('좋아', 2)","('있는거', 1)","('싫대', 1)","('미안해', 2)","('좋고', 1)","('없는거잖아', 1)","('무서운게', 1)","('있었길래', 1)","('있을것', 2)","('심하네', 1)","('안되는것', 1)"
"('귀엽다', 2)","('아니지', 1)","('환장했냐는', 1)","('예쁘다', 2)","('안되지', 1)","('있어라', 1)","('잘생기고', 2)","('높아', 1)","('반할', 1)","('아닌가', 1)","('궁금함', 1)","('빠르랑', 2)","('있었', 1)","('아프게', 1)"
"('안좋음', 2)","('아닌가', 1)","('있을만큼', 1)","('조용히', 2)","('아니잖아', 1)","('불편해서', 1)","('야한다고', 2)","('괜찮으니', 1)","('좋아하는듯', 1)","('힘들어', 1)","('없었다고', 1)","('힘든', 2)","('참담했을까', 1)","('같은거', 1)"
"('궁금해서', 2)","('당당한지', 1)","('자유로운', 1)","('더럽습니다', 2)","('비슷하네', 1)","('공손하게', 1)","('아무렇지', 2)","('설레는', 1)","('하얀', 1)","('탁해', 1)","('쎈거', 1)","('아닐', 2)","('자세하게', 1)","('궁금해', 1)"
"('좋음', 2)","('없지', 1)","('안되는거잖아', 1)","('좋다', 2)","('예뻐하던', 1)","('불쌍하다', 1)","('안남아서', 1)","('스럽긴', 1)","('하얗', 1)","('건강하시구여', 1)","('불길해', 1)","('있겠지만', 2)","('있었는진', 1)","('미친', 1)"
"('죄송한', 2)","('무능력하지만', 1)","('그래도', 1)","('성실하게', 2)","('아니였습니다', 1)","('그만하라고', 1)","('빡쳐도', 1)","('불가능한건', 1)","('나쁜', 1)","('사뿐히', 1)","('현명한', 1)","('없음', 2)","('부러워하는거', 1)","('많으면', 1)"
"('같습니다', 2)","('여린', 1)","('많던', 1)","('많습니다', 2)","('아닐', 1)","('계신데', 1)","('없다싶었는데', 1)","('아니기', 1)","('없나요', 1)","('부탁드립니다', 1)","('있다고', 1)","('좋겠다', 2)","('기쁘다', 1)","('이쁘면', 1)"
"('빡친거', 2)","('같아서', 1)","('고귀하다란', 1)","('아니죠', 2)","('흔히', 1)","('무섭겠나요', 1)","('뛰어난것도', 1)","('그런게', 1)","('멋있게', 1)","('아닌가요', 1)","('좋을게', 1)","('인하여', 2)","('원하는대로', 1)","('없다고', 1)"
"('똑같', 2)","('좋네요', 1)","('침착하게', 1)","('당했던', 2)","('있겠죠', 1)","('미쳤다', 1)","('깊게', 1)","('검은', 1)","('미쳤', 1)","('연하였고', 1)","('그러고도', 1)","('있네요', 2)","('자랑스럽다가도', 1)","('있게', 1)"
"('이상한', 2)","('아님', 1)","('멋있어요', 1)","('당하는', 2)","('있겠다', 1)","('그런거잖아', 1)","('빡치지', 1)","('이쁘다', 1)","('멋있다', 1)","('차갑고', 1)","('멀쩡히', 1)","('인해', 2)","('안쓰럽습니다', 1)","('좋다', 1)"
"('빠라', 2)","('당당하니', 1)","('가까웠는데', 1)","('뿐입니다', 2)","('불쌍해', 1)","('대단하네', 1)","('상관없는', 1)","('헷갈리지', 1)","('유일하게', 1)","('같았다면', 1)","('비슷하다는걸', 1)","('없다고', 2)","('고통스러운', 1)","('싫어요', 1)"
"('아니지만', 2)","('아니니', 1)","('어떡해요', 1)","('없습니다', 2)","('멀쩡해', 1)","('아니죠', 1)","('완전히', 1)","('적합하지', 1)","('싫어하지만', 1)","('연하고', 1)","('망해라', 1)","('그러고', 2)","('좋겠지만', 1)","('그렇', 1)"
"('그러니', 2)","('어이없네', 1)","('명확해졌네요', 1)","('그렇지', 2)","('흥분해', 1)","('신기함', 1)","('상관없겠다는', 1)","('아깝지가', 1)","('좋아할거', 1)","('차가워', 1)","('불쌍하다고', 1)","('착한', 2)","('무서운데', 1)","('태평하게', 1)"
"('있다고', 2)","('따뜻한', 1)","('힘든', 1)","('아니야', 2)","('선해서', 1)","('사랑스러', 1)","('많네', 1)","('행복해', 1)","('힘들것', 1)","('특별한', 1)","('불쌍한', 1)","('엄청나게', 2)","('잔잔한데', 1)","('게으르구나', 1)"
"('당연히', 2)","('무능하니까', 1)","('많겠지', 1)","('잘생기면', 2)","('빠르게', 1)","('드러', 1)","('짧게', 1)","('이러해서', 1)","('이상해', 1)","('많은', 1)","('비슷한', 1)","('검은', 2)","('불안해', 1)","('다르면요', 1)"
"('당연한', 2)","('좋았다고', 1)","('슬퍼진다', 1)","('똑같네요', 2)","('느리다고', 1)","('피터지게', 1)","('그랬음', 1)","('안좋은데', 1)","('그렇다고요', 1)","('원한다는', 1)","('없죠', 1)","('귀여', 2)","('쉬운', 1)","('그런줄', 1)"
"('적당히', 2)","('당하지', 1)","('슬퍼지네요', 1)","('어떤', 2)","('없오요', 1)","('강해졌는지', 1)","('중요한', 1)","('싸하고', 1)","('대단하', 1)","('조심스러운', 1)","('없습니다', 1)","('쎈데', 1)","('같다는', 1)","('없잖아요', 1)"
"('있다는', 2)","('좋았던', 1)","('고우셨던', 1)","('같은건', 2)","('있을것이라고', 1)","('그렇겠다', 1)","('진지하게', 1)","('궁금함', 1)","('딱인데', 1)","('이뻐졌는데', 1)","('있으니', 1)","('강했던거야', 1)","('아니겠죠', 1)","('필요한', 1)"
"('자림이도', 2)","('그리워', 1)","('미어지셨겠어요', 1)","('좋아서', 2)","('새로운', 1)","('있나', 1)","('반갑다', 1)","('쎄한', 1)","('예쁨', 1)","('있었지용', 1)","('나쁠', 1)","('없는듯', 1)","('슬퍼해', 1)","('더한', 1)"
"('괜찮아', 2)","('있지만', 1)","('대단하다', 1)","('괜찮은', 2)","('징징대는', 1)","('비슷하게', 1)","('그랬죠', 1)","('가까우니', 1)","('의해', 1)",,"('대단하다', 1)","('차가운', 1)","('야하는게', 1)","('예뻐져서', 1)"
"('야하는', 2)","('당했던', 1)","('좋아하는데', 1)","('약하다는걸', 1)","('같은거나', 1)","('귀여워', 1)","('아니었겠다', 1)","('힘들고', 1)","('아닌가', 1)",,"('완벽하다', 1)","('강해서', 1)","('아프지만', 1)","('깊은', 1)"
"('친한', 2)","('같다는', 1)","('좋아서', 1)","('드러', 1)","('강한지', 1)","('같지만', 1)","('같기도', 1)","('비슷한데', 1)","('나쁜말', 1)",,"('씁쓸하게', 1)","('시급하다', 1)","('없어', 1)","('싫음', 1)"
"('소중한', 2)","('무능한', 1)","('있었는데', 1)","('강하다', 1)","('짧든', 1)","('미친우리', 1)","('반갑구요', 1)","('쎄하다', 1)","('명확한', 1)",,"('같네여', 1)","('대단한데', 1)","('조심스러워하고', 1)","('단단하게', 1)"
"('좋아하니까', 2)","('있으니', 1)","('아프겠다', 1)","('변한거라고', 1)","('좋지만', 1)","('확실히', 1)","('여전히', 1)","('같긴', 1)","('있다는', 1)",,"('대단하신데요', 1)","('당한다며', 1)","('좋아하는', 1)","('좋아해써', 1)"
"('새로', 2)","('가깝고', 1)","('이렇게나마', 1)","('무거운', 1)","('그러고', 1)","('없다', 1)","('시리구요', 1)","('많은', 1)","('어떤', 1)",,"('사악한가', 1)","('당하냐', 1)","('무리가시지', 1)","('같음', 1)"
"('자림이에게', 2)","('가까워서', 1)","('친한', 1)","('없이도', 1)","('괜찮지만', 1)","('영원히', 1)","('저렇게도', 1)","('좋지', 1)","('불가능했어요', 1)",,"('새로', 1)","('없게', 1)","('미친', 1)","('길게', 1)"
"('짧게', 2)","('좋으니', 1)","('잘생겨서', 1)","('커다란', 1)","('위험해라고', 1)","('편히', 1)","('싫다이건', 1)","('없으니', 1)","('아프게', 1)",,"('유일한', 1)","('멀쩡해서', 1)","('슬프게', 1)","('행복하자', 1)"
"('짧은', 2)","('우월하다', 1)","('예뻐', 1)","('없어도', 1)","('야할듯', 1)","('있었나', 1)","('나쁠거', 1)","('있다고', 1)","('필요할', 1)",,"('끝내주네', 1)","('잔인한', 1)","('즐거워', 1)","('길었고', 1)"
"('훌륭한', 2)","('쉬운', 1)","('잘생겼구', 1)","('있다는거', 1)","('예쁩니다', 1)","('새로', 1)","('없을거', 1)","('교묘하게', 1)","('있거든', 1)",,"('아닐까', 1)","('미친거아니냐', 1)","('아쉽다고', 1)","('무서워서', 1)"
"('암담하다', 1)","('없으면', 1)","('좋겠는데', 1)","('좁다', 1)","('많음', 1)","('쎈거고', 1)","('어색함의', 1)","('강화하는', 1)","('없다내가', 1)",,"('빼어난', 1)","('있다네', 1)","('즐겁게', 1)","('귀엽다', 1)"
"('발랄한', 1)","('다르게', 1)","('행복해져서', 1)","('그렇기에', 1)","('필요할듯', 1)","('자비로운', 1)","('조져줘서', 1)","('아픈', 1)","('귀여워라니', 1)",,"('비상한', 1)","('맑아서', 1)","('재밌어요', 1)","('계시는거야', 1)"
"('높고', 1)","('재밌구먼', 1)","('특별한', 1)","('나란히', 1)","('당하면', 1)","('같으', 1)","('여전하네', 1)","('있었다면', 1)","('싫어서', 1)",,"('길고', 1)","('그렇지', 1)","('다를게', 1)","('있다는', 1)"
"('활기차도', 1)","('가능한', 1)","('예쁜거', 1)","('겸손하더라', 1)","('강하고', 1)","('있지', 1)","('아니에요', 1)","('정당한', 1)","('당함', 1)",,"('용하는', 1)","('그리워하는지', 1)","('끔찍한데', 1)","('빨개지면', 1)"
"('발랄하고', 1)","('안되는데', 1)","('아니에요', 1)","('불과하다', 1)","('같진', 1)","('잘생긴', 1)","('반할것', 1)","('없을거', 1)","('마라', 1)",,"('심한', 1)","('꼴사납게', 1)","('불안한데', 1)","('어떡함', 1)"
"('불편한', 1)","('망한건', 1)","('무사히', 1)","('대단하다', 1)","('조심스러운', 1)","('힘들다', 1)","('선한테도', 1)","('있잖음', 1)","('새로운', 1)",,"('심하게', 1)","('빡쳤다', 1)","('불편한것', 1)","('전화하면서', 1)"
"('유일한', 1)","('비슷하지만', 1)","('멋있어', 1)","('빡쳐서', 1)","('계십니다', 1)","('평범하게', 1)","('저랬을까', 1)","('필요없는데도', 1)","('많으면', 1)",,"('강하고', 1)","('없었단', 1)","('이상해', 1)","('아무렇지도', 1)"
"('안되고', 1)","('친하게', 1)","('힘드시죠', 1)","('단련함', 1)","('건강한', 1)","('없음', 1)","('유일하게', 1)","('절묘하지', 1)","('재밌겠', 1)",,"('옳은', 1)","('빡침', 1)","('저래', 1)","('괜찮게', 1)"
"('그랬고', 1)","('낮아도', 1)","('힘들어여', 1)","('추하다', 1)","('괜찮습니다', 1)","('있다고', 1)","('멋있음', 1)","('확실함', 1)","('다라던', 1)",,"('필요하다', 1)","('많았는지', 1)","('창피하게', 1)","('있나', 1)"
"('가능하', 1)","('안되서', 1)","('힘들어', 1)","('같지', 1)","('즐거웠습니다', 1)","('실패하고', 1)","('없으면', 1)","('비슷하지만', 1)","('직히', 1)",,"('알록달록한', 1)","('빡친', 1)","('망해도', 1)","('있단', 1)"
"('중요할', 1)","('부패한것도', 1)","('야하는거죠', 1)","('낮은', 1)","('간절히', 1)","('아닐까', 1)","('나빠하긴', 1)","('아닌듯', 1)","('이쁨', 1)",,"('많아요', 1)","('미안하겠어', 1)","('역겹다', 1)","('좋겠어', 1)"
"('싫어하는것', 1)","('있으니까', 1)","('그래요', 1)","('궁금한거', 1)","('먼서', 1)","('똑같나', 1)","('착했지', 1)","('빠르게', 1)","('아쉬웠는데', 1)",,"('있었다는거네', 1)","('마라', 1)","('착한', 1)","('아무러치도', 1)"
"('애매하게', 1)","('부패할', 1)","('묵묵히', 1)","('안되는데', 1)","('안된다는거', 1)","('아닙니다', 1)","('편안하게', 1)","('없던', 1)","('반갑습니다', 1)",,"('아니냐는', 1)","('있도록', 1)","('대단한거지', 1)","('있지만', 1)"
"('안될거고', 1)","('부패하면', 1)","('아프고', 1)","('필요했다고', 1)","('대단하고', 1)","('같은데서', 1)","('안타깝네', 1)","('안전하다', 1)","('빨간', 1)",,"('많았는데', 1)","('어줍잖은', 1)","('빨라요', 1)","('있으면서', 1)"
"('없구나', 1)","('쉬워지지', 1)","('안타깝고', 1)","('같은게', 1)","('안타깝습니다', 1)","('많았는데', 1)","('찌질하네', 1)","('어떡해', 1)","('잘생긴거', 1)",,"('착잡하네요', 1)","('말라', 1)","('재미있게', 1)","('좋아했었냐고', 1)"
"('중요한거', 1)","('성공해도', 1)","('짜증나는', 1)","('있다는', 1)","('회복하시고', 1)","('분노하는', 1)","('잘생겼다', 1)","('빨개지는', 1)","('같냐', 1)",,"('끔찍한', 1)","('짠한', 1)","('아니었네', 1)","('밉다', 1)"
"('원하는걸', 1)","('원하는', 1)","('안타깝네', 1)","('야할', 1)","('성장하게', 1)","('싫어했는지', 1)","('반하겠음', 1)","('안될까', 1)","('같은건', 1)",,"('미안하단', 1)","('빠른줄', 1)","('좋았던', 1)","('싫어해서', 1)"
"('좋을것', 1)","('있나', 1)","('아님', 1)","('어렵게', 1)","('상관없으니', 1)","('오죽할까', 1)","('부을듯', 1)","('그래요', 1)","('재미있어서', 1)",,"('연히', 1)","('빠르에게', 1)","('있는것처럼', 1)","('당했으니', 1)"
"('괜찮을것', 1)","('가난해져서', 1)","('좋아하지만', 1)","('필요없이', 1)","('회복하셔서', 1)","('멋있어', 1)","('같은과', 1)","('무서워요', 1)","('있네', 1)",,"('스러워서', 1)","('같으냐', 1)","('식겁했자', 1)","('힘들어하면서', 1)"
"('같기도', 1)","('평등해지자', 1)","('좋아했었는데', 1)","('아프시면', 1)","('아프시다니', 1)","('많았구나', 1)","('잘생겼네', 1)","('부탁드려요', 1)","('신선한', 1)",,"('바빴구나', 1)","('멋있어진다', 1)","('뽀송뽀송한', 1)","('아니겠죠', 1)"
"('쎄게', 1)","('식겁했다', 1)","('없던', 1)","('유명한', 1)","('무겁네요', 1)","('바빠', 1)","('잘생긴', 1)","('무서워여', 1)","('아까운', 1)",,"('기뻐하는', 1)","('없지', 1)","('평화로운', 1)","('좋아하니까', 1)"
"('정신차렸', 1)","('빡쳐서', 1)","('안쓰러워서', 1)","('여전하구먼', 1)","('회복하실', 1)","('필요하신거', 1)","('미쳐도', 1)","('아플텐데', 1)",,,"('아파요', 1)","('아파서', 1)","('따뜻한것', 1)","('잘생겨', 1)"
"('야무지게', 1)","('없었다', 1)","('짧게', 1)","('엄청난', 1)","('아픈', 1)","('있으세요', 1)","('단단하', 1)","('아니다', 1)",,,"('힘들었어요', 1)","('좁아진', 1)","('활기차서', 1)","('잘생겨진', 1)"
"('곤란해', 1)","('정신차려', 1)","('무섭게', 1)","('멀쩡하지못', 1)","('좋아하시는', 1)","('계십니다', 1)","('뻔했는데', 1)","('어떡해요', 1)",,,"('아픈', 1)","('똑같고', 1)","('좋고요', 1)","('필요하지', 1)"
"('좋았는데', 1)","('멋짐', 1)","('멋진', 1)","('흉측한', 1)","('피곤한', 1)","('짜릿하다', 1)","('뻔하게', 1)","('귀엽고', 1)",,,"('같은거', 1)","('짠함', 1)","('좋겟네요', 1)","('아픈', 1)"
"('희랑', 1)","('선한', 1)","('미치겠다', 1)","('무사하지못해', 1)","('소소한', 1)","('좋아요', 1)","('같은게', 1)","('매운거', 1)",,,"('미안해', 1)","('그런거였나', 1)","('당연하단', 1)","('가볍게', 1)"
"('미안하', 1)","('필요한건', 1)","('무례한', 1)","('똑같음', 1)","('다양한', 1)","('위험한거', 1)","('그랬나', 1)","('노란', 1)",,,"('다르다는', 1)","('미쳤네', 1)","('처참하게', 1)","('확실히', 1)"
"('미안해하', 1)","('스럽다고', 1)","('없다고', 1)","('착함', 1)","('다양해서', 1)","('아니였잖아', 1)","('잘생겨서', 1)","('이쁘다고', 1)",,,"('확실히', 1)","('확실하네요', 1)","('같냐', 1)","('민감한', 1)"
"('안녕하세요', 1)","('똑똑하고', 1)","('다정하세요', 1)","('없다', 1)","('좋은지는', 1)","('있었던거야', 1)","('있는거면', 1)","('짜증나서', 1)",,,"('대단한것', 1)","('있단', 1)","('귀여운데', 1)","('좋겠습니다', 1)"
"('아까', 1)","('작은', 1)","('없다니까', 1)","('아픈데', 1)","('있다더라', 1)","('완전히', 1)","('반하는', 1)","('필요한거', 1)",,,"('같아라는', 1)","('있기', 1)","('불안하고', 1)","('수상한데', 1)"
"('없었습니다', 1)","('있었으면', 1)","('서먹한데', 1)","('좋아함', 1)","('신중히', 1)","('여린', 1)","('솔직히말', 1)","('고픈', 1)",,,"('없는데', 1)","('그만한', 1)","('싫어하는듯', 1)","('없길', 1)"
"('성급하고', 1)","('당연히', 1)","('차갑게', 1)","('없는게', 1)","('완벽히', 1)","('좋겠음', 1)","('같아서', 1)","('있는듯', 1)",,,"('설레게', 1)","('신비한', 1)","('귀찮아하는', 1)","('아쉬워서', 1)"
"('솔직히말', 1)","('잘생겨놓고', 1)","('없었겠지', 1)","('있긴', 1)","('개운하게', 1)","('친절해', 1)","('아니었으면', 1)","('좋아해서', 1)",,,"('있는게', 1)","('있었다고', 1)","('불안한', 1)","('없는말', 1)"
"('아님난', 1)","('얌전히', 1)","('빡치네', 1)","('못지않게', 1)","('깊숙히', 1)","('미안해', 1)","('좋아한다', 1)","('그런거', 1)",,,"('아까', 1)","('다를게', 1)","('있었을', 1)","('기대했어', 1)"
"('좋을듯', 1)","('좋아', 1)","('솔직히', 1)","('쎄서', 1)","('자세한', 1)","('좋아하는', 1)","('많기를', 1)","('아니죠', 1)",,,"('신기한게', 1)","('춥냐', 1)","('행복해졌음', 1)","('안좋아', 1)"
"('같우', 1)","('귀여우시죠', 1)","('여려서', 1)","('있을것', 1)","('약하지만', 1)","('있는거겠네', 1)","('번하지', 1)","('신기하다고', 1)",,,"('신기함', 1)","('심한줄', 1)","('아니였어', 1)","('이상한거', 1)"
"('없는거지', 1)","('자세히', 1)","('같았는데', 1)","('비린내', 1)","('단순히', 1)","('필요없네', 1)","('식겁했나', 1)","('멋있는', 1)",,,"('당하기만', 1)","('대등하네', 1)","('신나는데', 1)","('아닌가', 1)"
"('없다는거', 1)","('귀여운데요', 1)","('친절하고', 1)","('똑똑한거', 1)","('슬픈', 1)","('무섭다', 1)","('부족한듯', 1)","('신기하네', 1)",,,"('어떡해', 1)","('당하면', 1)","('아니지만', 1)","('대단함', 1)"
"('다르네', 1)","('잘생겼고', 1)","('무례하다니', 1)","('그러네', 1)","('따뜻하게', 1)","('딱히', 1)","('답답하다', 1)","('같았고', 1)",,,"('불안하기도', 1)","('그러는줄', 1)","('그러네', 1)","('귀여워', 1)"
"('행복하자', 1)","('예쁘다', 1)","('당할', 1)","('강한거', 1)","('환생해도', 1)","('무서운데', 1)","('의하면', 1)","('없지', 1)",,,"('미친거아냐', 1)","('가까워', 1)","('이런거', 1)","('끼부리네', 1)"
"('좋아하다', 1)","('미치겠다', 1)","('위험함', 1)","('빡침', 1)","('흡사한데', 1)","('무섭니', 1)","('유사한', 1)","('없어', 1)",,,"('억울함을', 1)","('없듯이', 1)","('있음', 1)","('나쁘진', 1)"
"('편하려고', 1)","('좋아한다', 1)","('꾸준히', 1)","('지겨워요', 1)","('아니냐잔', 1)","('이쁘', 1)","('다른건', 1)","('이쁨', 1)",,,"('완전히', 1)","('숨막힌', 1)","('빠른', 1)","('환하게', 1)"
"('부였다면', 1)","('잘생겼네', 1)","('어지간해서', 1)","('무서운', 1)","('비슷합니다', 1)","('대단한', 1)","('좋을', 1)","('있냐고', 1)",,,"('괴로워서', 1)","('심하게', 1)","('작은', 1)","('아깝지', 1)"
"('이렇', 1)","('궁금해지잖아요', 1)","('싫다는', 1)","('재미없음', 1)","('끈질긴', 1)","('행복해지는', 1)","('인해', 1)","('행복하게', 1)",,,"('어렵지만', 1)","('적당히', 1)","('하찮고', 1)","('설레', 1)"
"('재밌었던', 1)","('같으니까', 1)","('그러는지', 1)","('불쌍하지', 1)","('있었고', 1)","('기대하는', 1)","('아파', 1)","('어려운', 1)",,,"('강해진건', 1)","('그러니', 1)","('귀여워', 1)","('심쿵해', 1)"
"('없었던거', 1)","('미치겠네', 1)","('답답하다', 1)","('체념하고', 1)","('강해지는', 1)","('성장했음', 1)","('낑겨서', 1)","('안타까', 1)",,,"('강해질', 1)","('아니라니까', 1)","('사랑스러워', 1)","('설레는', 1)"
"('힘든', 1)","('아닌데', 1)","('귀엽고', 1)","('까만', 1)","('아니였냐', 1)","('미친', 1)","('하애진', 1)","('없는건', 1)",,,"('시를', 1)","('아니어도', 1)","('그런거', 1)","('이쁘네', 1)"
"('미친게', 1)","('미쳤네', 1)","('단순히', 1)","('비슷했었음', 1)","('분명히', 1)","('완전한', 1)","('희나', 1)","('안되는거', 1)",,,"('있을지가', 1)","('없어', 1)","('덜한거', 1)","('순수한', 1)"
"('대단하다', 1)","('무서운', 1)","('미치게', 1)","('있었음', 1)","('강력한', 1)","('없어서', 1)","('박정하', 1)","('싫어서', 1)",,,"('한심하다는', 1)","('새로', 1)","('있지만', 1)","('좋았던', 1)"
"('아닌게', 1)","('이런거', 1)","('설렌다는', 1)","('비슷하다는', 1)","('아니었구나', 1)","('그런거였음', 1)","('힘들었', 1)","('괴로워하며', 1)",,,"('같에', 1)","('없냐', 1)","('그러기', 1)","('아님', 1)"
"('아팠었음', 1)","('좋아해', 1)","('커다란', 1)","('없는데', 1)","('많던데', 1)","('강하고', 1)","('환생함', 1)","('젊은', 1)",,,"('불안하고', 1)","('있냐', 1)","('잔잔하고', 1)","('재미있어질', 1)"
"('완벽할', 1)","('조아여', 1)","('같으니라고', 1)","('많음', 1)","('다른거', 1)","('똑똑하다는게', 1)","('낮았는데', 1)","('불행하게만', 1)",,,"('없었던', 1)","('무능하니까', 1)","('둥글둥글해요', 1)","('급하게', 1)"
"('없다는', 1)","('좋겠네요', 1)","('있다구', 1)","('많던데', 1)","('벙하게', 1)","('아리송한', 1)","('야할거', 1)","('행복하지도', 1)",,,"('비장한데', 1)","('있을거', 1)","('이런건', 1)","('중요하다는것', 1)"
"('예뻐서', 1)","('없어', 1)","('좋아하는게', 1)","('그런듯', 1)","('아니었냐', 1)","('그러다', 1)","('슬프다', 1)","('원하는거', 1)",,,"('더워서', 1)","('좋든', 1)","('아기자기한게', 1)","('가능하지만', 1)"
"('없을것', 1)","('야할텐데', 1)","('이상함', 1)","('아닌거', 1)","('반했네', 1)","('귀찮은', 1)","('힘차이', 1)","('원망하게', 1)",,,"('불쌍해', 1)","('싫든', 1)","('좋네요', 1)","('잘생긴', 1)"
"('차가운', 1)","('완벽한데', 1)","('다정하네', 1)","('쎄진거면', 1)","('없다니', 1)","('아니래요', 1)","('전화한', 1)","('행복하고', 1)",,,"('그럴', 1)","('빡쳐하는', 1)","('좋고', 1)","('넓은', 1)"
"('있었지만', 1)","('좋다니', 1)","('좋아해도', 1)","('답답했는데', 1)","('흥미롭네', 1)","('편안해', 1)","('높은', 1)","('더러워서', 1)",,,"('없다는', 1)","('분명한데', 1)","('따뜻해지는', 1)","('이럴', 1)"
"('좋아했지만', 1)","('명석한', 1)","('좋아하게', 1)","('이쁨', 1)","('삐진듯', 1)","('무리하는', 1)","('멋있는', 1)","('박복하기만', 1)",,,"('담담한', 1)","('냉정하게', 1)","('똑같네', 1)","('같았어', 1)"
"('스럽다', 1)","('원합니다', 1)","('무지해서', 1)","('이쁘다', 1)","('안되서', 1)","('아프다', 1)","('미안한데', 1)","('대단하게', 1)",,,"('슬프냐', 1)","('있을테니', 1)","('있을텐데', 1)","('잘생긴거아니냐', 1)"
"('당하면', 1)","('분명한', 1)","('좋겠네요', 1)","('넘친다', 1)","('저렇고', 1)","('뛰어나도', 1)","('멋있다', 1)","('있는건데', 1)",,,"('궁금하', 1)","('같지는', 1)","('있었는데', 1)","('있네', 1)"
"('부럽다고', 1)","('성장할거', 1)","('안타깝다', 1)","('쎈거고', 1)","('있겠네', 1)","('다르다는', 1)","('훌륭하게', 1)","('그럼에도', 1)",,,"('편해', 1)","('있겠단', 1)","('똑같은', 1)","('그럴', 1)"
"('당할', 1)","('귀엽게', 1)","('다르게', 1)","('있지만', 1)","('정신차린게', 1)","('똑똑하니까', 1)","('대단함', 1)","('찡하다', 1)",,,"('똑같아요', 1)","('같기는', 1)","('불쌍해서', 1)","('없겠지만', 1)"
"('서운한거나', 1)","('있네요', 1)","('있었으면', 1)","('부족했기', 1)","('아니었고', 1)","('당연하지', 1)","('아쉽겠다', 1)","('착하다', 1)",,,"('원망하고있을텐데', 1)","('미쳤냐고', 1)","('좋은', 1)","('좋을지', 1)"
"('스럽고', 1)","('위험해', 1)","('행복했으', 1)","('약해도', 1)","('착해서가아니라', 1)","('당했을', 1)","('있을거', 1)","('어땠다고', 1)",,,"('궁금하네요', 1)","('민감해', 1)","('아닐텐데', 1)","('짠해', 1)"
"('싫어했', 1)","('싫어하고', 1)","('엄청난', 1)","('우세하다', 1)","('있겠네요', 1)","('무서워', 1)","('단련하고', 1)","('씁쓸하게', 1)",,,"('낮은', 1)","('있을테니까', 1)","('좋아하는데', 1)","('멋있어서', 1)"
"('황당하지', 1)","('싫어합니다', 1)","('싫었던거겠죠', 1)","('강력할듯', 1)","('있었던거야', 1)","('있다는', 1)","('없던거', 1)","('괜찮다고하는데', 1)",,,"('좋았어요', 1)","('방심했다고', 1)","('많은', 1)","('멋있게', 1)"
"('같냐', 1)","('괜찮다는', 1)","('고통스러워서', 1)","('뿐임', 1)","('훌륭한', 1)","('있거나', 1)","('나쁘고를', 1)","('슬픈게', 1)",,,"('대단하고', 1)","('같았으면', 1)","('좋을듯', 1)","('스럽다', 1)"
"('흔하지', 1)","('이쁘', 1)","('힘든데', 1)","('강렬했지', 1)","('안된다는', 1)","('귀찮음', 1)","('있으니', 1)","('없다니', 1)",,,"('냉철함', 1)","('약한', 1)","('다르고', 1)","('그래요', 1)"
"('아니니깐', 1)","('계시는데', 1)","('서러웠을지도', 1)","('없었잖아', 1)","('강한거야', 1)","('피곤함', 1)","('있는데서', 1)","('끔찍하군요', 1)",,,"('무서울', 1)","('성공해도', 1)","('어때요', 1)","('있죠', 1)"
"('좋아했겠네', 1)","('괜찮지', 1)","('고통스러운', 1)","('깊숙하게', 1)","('다르네', 1)","('무섭다는', 1)","('똑같네', 1)","('불안해', 1)",,,"('강했던거야', 1)","('분노한', 1)","('이렇게요', 1)","('실망했을까요', 1)"
"('정확히', 1)","('좋아요', 1)","('스러웠을지도', 1)","('큼직하게', 1)","('쎈지는', 1)","('놀라웠던', 1)","('귀엽다', 1)","('힘들거', 1)",,,"('용해주고', 1)","('의해', 1)",,"('새로', 1)"
"('불안하네', 1)","('건강하게', 1)","('고결하고', 1)","('심심하게', 1)","('강하다고', 1)","('안좋게', 1)","('필요하다', 1)","('안되네요', 1)",,,"('위험하며', 1)","('있기에', 1)",,"('단순히', 1)"
"('똑같네', 1)","('좋겠어요', 1)","('심하게', 1)","('좋이', 1)","('강했던거지', 1)","('아니었잖아요', 1)","('아니여서', 1)","('뿐이라고요', 1)",,,"('있을시', 1)","('아닌데', 1)",,"('야해요', 1)"
"('그만하', 1)","('아련하', 1)","('완전히', 1)","('나쁘지', 1)","('강함을', 1)","('어떤', 1)","('간단했을텐데', 1)","('안되더라도', 1)",,,"('없을지도', 1)","('신기합니다', 1)",,"('아닌게', 1)"
"('더러운', 1)","('어떡해', 1)","('없을', 1)","('많아', 1)","('이상할', 1)","('귀찮다고', 1)","('낮은게', 1)","('있었네요', 1)",,,"('쓸모없는', 1)","('이상한', 1)",,"('많죠', 1)"
"('많았는데', 1)","('있겠네요', 1)","('확실히', 1)","('빠르', 1)","('없음', 1)","('무섭다니', 1)","('안쓰럽다', 1)","('힘들', 1)",,,"('유쾌하시네', 1)","('있는게', 1)",,"('그만해주세요', 1)"
"('아니잖어', 1)","('짠하다', 1)","('착잡해하는', 1)","('그러지', 1)","('용이한테도', 1)","('무서울텐데', 1)","('좋아서', 1)","('많다는', 1)",,,"('미쳤다', 1)","('자세히', 1)",,"('있단다', 1)"
"('피곤하겠다', 1)","('아녔어요', 1)","('그렇게나', 1)","('이런거', 1)","('아름다운', 1)","('무섭다니깐', 1)","('조용하고', 1)","('아닙니다', 1)",,,"('불안해', 1)","('당연한거', 1)",,"('같던데', 1)"
"('예민한거고', 1)","('즐거운', 1)","('행복해질', 1)","('싫으면', 1)","('아니라면서', 1)","('아픈거니', 1)","('작은', 1)","('좋아하는지도', 1)",,,"('소소한', 1)","('징징대는', 1)",,"('그런거', 1)"
"('쿨한', 1)","('좋고', 1)","('스럽다', 1)","('궁금하네요', 1)","('회복하고', 1)","('적응한', 1)","('분명히', 1)","('한심해', 1)",,,"('없지만', 1)","('슬프네', 1)",,"('싫다', 1)"
"('뒤늦은', 1)","('아프지마', 1)","('멀쩡한', 1)","('분노함', 1)","('포악하고', 1)","('침착한거야', 1)","('있었어도', 1)","('아프니까', 1)",,,"('강화해', 1)","('약하다', 1)",,"('안되냐', 1)"
"('있을꺼', 1)","('미친거아니에', 1)","('왠만한', 1)","('심각한', 1)","('수많은', 1)","('같다는', 1)","('있었을텐데', 1)","('심각함', 1)",,,"('귀엽자', 1)","('없을듯', 1)",,"('그럴거면', 1)"
"('힘들었구나', 1)","('확실해', 1)","('좋았지만', 1)","('있는거', 1)","('나쁘지', 1)","('없냐고', 1)","('멋지다', 1)","('같을듯', 1)",,,"('쎘던거야', 1)","('완전한', 1)",,"('미쳤다', 1)"
"('이럴지', 1)","('똑같은', 1)","('예쁜게', 1)","('가벼운', 1)","('사악해진', 1)","('약하지', 1)","('많았어서', 1)","('슬프네', 1)",,,"('대단한', 1)","('중요하지', 1)",,"('안좋게', 1)"
"('싫은거', 1)","('심각한데', 1)","('가볍고', 1)","('원하지', 1)","('단정하시는', 1)","('힘들어', 1)","('추하겠네', 1)","('미안하면', 1)",,,"('당하는', 1)","('없으니깐', 1)",,"('잘난', 1)"
"('섭섭해', 1)","('귀엽', 1)","('가벼우니', 1)","('있게', 1)","('저렇지', 1)","('없는거', 1)","('당하는거', 1)","('그랬어', 1)",,,"('빡치고', 1)","('쓸데없는', 1)",,"('심했겠네', 1)"
"('돈독해졌으면해', 1)","('그럴듯해', 1)","('괴로울', 1)","('있을텐데', 1)","('온화한', 1)","('아파주면', 1)","('고소하지', 1)","('좋아하는건데', 1)",,,"('가능하지', 1)","('가득한', 1)",,"('소중한', 1)"
"('무심하고', 1)","('둥글둥글하고', 1)","('없으니까', 1)","('충분히', 1)","('그렇구요', 1)","('안될까', 1)","('당해서', 1)","('불쌍한게', 1)",,,"('당연히', 1)","('무겁다고', 1)",,"('그렇다', 1)"
"('조졌다', 1)","('없었지', 1)","('가벼운', 1)","('재밌고', 1)","('궁금한', 1)","('귀여운거냐고', 1)","('있던시', 1)","('좋아하는건', 1)",,,"('빡치지', 1)","('쎄졌는데', 1)",,"('아니란', 1)"
"('신기하더라', 1)","('암울해지는것', 1)","('고통스러울것', 1)","('힘들어요', 1)","('당했다고', 1)","('좋은데', 1)","('좋아했었는데', 1)","('착한게', 1)",,,"('빡치면', 1)","('다른건', 1)",,"('안타까', 1)"
"('미안하다', 1)","('작앗구나', 1)","('같긴', 1)","('깊으신', 1)","('있었다고', 1)","('멋진', 1)","('기대해', 1)","('아닌데', 1)",,,"('분노하진', 1)","('재미없어서', 1)",,"('그랬을까', 1)"
"('새로운', 1)","('없음', 1)","('어렵다', 1)","('재미없다', 1)","('무섭습니다', 1)","('자비로운데', 1)","('아무런', 1)","('빡쳤는데', 1)",,,"('짠함', 1)","('끝내주게', 1)",,"('그러지', 1)"
"('같던', 1)","('귀엽다는데', 1)","('필요한', 1)","('당연한', 1)","('아프다는걸', 1)","('미안해서', 1)","('당하는데도', 1)","('말라', 1)",,,"('변하는', 1)","('만만히', 1)",,"('이렇지', 1)"
"('없는거', 1)","('많아', 1)","('어이없는게', 1)","('없으면', 1)","('이쁘네', 1)","('섬세해', 1)","('무자비하게', 1)","('답답함', 1)",,,"('불쌍하기도', 1)","('있었을', 1)",,"('그랬거든요', 1)"
"('좋아한게', 1)","('아니라서', 1)","('두렵지', 1)","('재미없네', 1)","('이뻐', 1)","('대단하구나', 1)","('심하게', 1)","('행복하지', 1)",,,"('멋있고', 1)","('그럴', 1)",,"('똑같지만', 1)"
"('없는줄', 1)","('자랑스러운', 1)","('이래놓고', 1)","('건전하게', 1)","('비슷하고', 1)","('괜찮구', 1)","('길어', 1)","('떳떳하게', 1)",,,"('행복해져라', 1)","('없구요', 1)",,"('고운이', 1)"
"('대단해', 1)","('예리하시네', 1)","('짜증나', 1)","('부수면서', 1)","('흡사하죠구', 1)","('싫어하는', 1)","('까만', 1)","('아니면서', 1)",,,"('이랬', 1)","('그러냐', 1)",,"('이쁨', 1)"
"('착했네', 1)","('멍청하게', 1)","('있구나', 1)","('잘생긴것', 1)","('같은데요', 1)","('마지못해', 1)","('안쓰러워', 1)","('짜증나고', 1)",,,"('아닌줄', 1)","('중요하고', 1)",,"('멋진건데', 1)"
"('안타깝', 1)",,"('안되는데', 1)","('빨간', 1)","('이상하지', 1)","('망하라고', 1)","('어떡함', 1)","('없음', 1)",,,"('없게', 1)","('마른', 1)",,"('있었으면', 1)"
"('좋아했네', 1)",,"('속상해요', 1)","('있겠지', 1)","('답답한', 1)","('싸하긴', 1)","('멋져', 1)","('필요한', 1)",,,"('미개한', 1)","('있었는지', 1)",,"('그런듯', 1)"
"('불쌍해', 1)",,"('극명히', 1)","('짜증남', 1)","('있다고만', 1)","('확실해졌네요', 1)","('섹시하다', 1)","('아니였으면', 1)",,,"('둔감한', 1)","('당했는지', 1)",,"('착함', 1)"
"('화해도', 1)",,"('야하는', 1)","('강했다', 1)","('강함으로', 1)","('어렵고', 1)","('그런지', 1)","('아까운건', 1)",,,"('같나', 1)","('궁금하고', 1)",,"('낮은', 1)"
"('확실해지고', 1)",,"('아무렇지', 1)","('불쌍한', 1)","('높음', 1)","('유능한', 1)","('있는가에', 1)","('아니야', 1)",,,"('딴딴히', 1)","('있다고', 1)",,"('있었', 1)"
"('불안해', 1)",,"('당해놓고도', 1)","('있는대서', 1)","('따뜻하지만', 1)","('더러운', 1)","('완벽한', 1)","('그러네', 1)",,,"('약하겠지', 1)","('심히', 1)",,"('엄청난', 1)"
"('왠만하면', 1)",,"('당해야', 1)","('좋겠음', 1)","('아닌거엔', 1)","('있는데도', 1)","('칠하고', 1)","('착하네', 1)",,,"('뻔했을', 1)","('있을만큼', 1)",,"('무뚝뚝한', 1)"
"('힘들어하는거', 1)",,"('평범한', 1)","('중요한게', 1)","('같다고', 1)","('불쌍한가', 1)","('엄청나게', 1)","('자세히', 1)",,,"('야할텐데', 1)","('두렵습니다', 1)",,"('같다고', 1)"
"('힘들어서', 1)",,"('궁금하네요', 1)","('좋아하네', 1)","('힘들고', 1)","('씁쓸할거', 1)","('힘들죠', 1)","('좋아하지', 1)",,,"('그러다', 1)","('뻔한', 1)",,"('무거운', 1)"
"('아니든', 1)",,"('야했는데', 1)","('굵고', 1)","('좋아함', 1)","('싫어하고', 1)","('더운데', 1)","('좋아하더라도', 1)",,,"('많다거나', 1)","('급한', 1)",,"('부럽다', 1)"
"('힘들어하니까', 1)",,"('넓고', 1)","('무거운거', 1)","('귀엽네', 1)","('무서워하는', 1)","('바쁩니다', 1)","('좋아하는거라고', 1)",,,"('재밌네요', 1)","('방대한', 1)",,"('아니겠지', 1)"
"('좋아하는건', 1)",,"('없진', 1)","('헷갈려하는거', 1)","('아까', 1)","('용감하고', 1)","('힘들고', 1)","('좋겠음', 1)",,,"('없이요', 1)","('거대한', 1)",,"('예쁘게', 1)"
"('아니나구', 1)",,"('좋겠어', 1)","('재미있게', 1)","('아닌가', 1)","('상냥한', 1)","('바쁘다고', 1)","('착해', 1)",,,"('빠르게', 1)","('작은', 1)",,"('궁금하당', 1)"
"('싫어하네', 1)",,"('있을거야', 1)","('재미있으면서', 1)","('푹신해', 1)","('그런게', 1)","('높아요', 1)","('있네', 1)",,,"('있었네요', 1)","('뿐입니다', 1)",,"('잘생겼다나나나나난', 1)"
"('다른거', 1)",,"('싫었어도', 1)","('이래잖아요', 1)","('같이가자는', 1)","('무리는', 1)","('아니라며', 1)","('중요할', 1)",,,"('입거나', 1)","('올바른', 1)",,"('없냐', 1)"
"('생생하게', 1)",,"('그렇지', 1)","('귀여', 1)","('있군요', 1)","('아닌데', 1)","('맛있게', 1)","('아프다', 1)",,,"('그런게', 1)","('던거야', 1)",,"('재미있으니', 1)"
"('없습니다', 1)",,"('있을텐데', 1)","('번했는데', 1)","('급하게', 1)","('가능한', 1)","('아쉬울', 1)","('궁금해', 1)",,,"('아닌거', 1)","('강하냐고', 1)",,"('잘생겨진거면', 1)"
"('날카롭게', 1)",,"('없지만', 1)","('안되냐', 1)","('있네요', 1)","('안쓰럽', 1)","('귀엽네', 1)","('이뻐요', 1)",,,"('부족한', 1)","('쎄잖아', 1)",,"('이쁜', 1)"
"('무리하지', 1)",,"('행복해야해', 1)","('재밌나', 1)","('미묘한', 1)","('아닌가보다', 1)","('같을거다', 1)","('싫다', 1)",,,"('높은거', 1)","('확실하지', 1)",,"('아닐', 1)"
"('아니지', 1)",,"('소중히', 1)","('있지도', 1)","('있는듯', 1)","('무서워서', 1)","('안조지냐', 1)","('평범한', 1)",,,"('괜찮겠다', 1)","('그렇다는건', 1)",,"('이쁘고', 1)"
"('많고', 1)",,"('착한', 1)","('힘들다고', 1)","('굉장히', 1)","('원치않게', 1)","('불리하는', 1)","('답답한데', 1)",,,"('그러고', 1)","('대단하', 1)",,"('멋진', 1)"
"('많아도', 1)",,"('행복했으면', 1)","('없다고', 1)","('빠르고', 1)","('무섭다고', 1)","('강력히', 1)","('불안함', 1)",,,"('저렇다는', 1)","('찡하냐', 1)",,
"('힘들셨을텐데', 1)",,"('소중한', 1)","('징징대거나', 1)","('있구만', 1)","('같다고', 1)","('희도', 1)","('순진한', 1)",,,"('안좋았으면', 1)","('빠르에게서', 1)",,
"('즐거운', 1)",,"('속상했는데', 1)","('그러고', 1)","('있겠느냐', 1)","('슬프겠다', 1)","('다름없다', 1)","('그러는', 1)",,,"('없고', 1)","('미칠지언정', 1)",,
"('행복했음', 1)",,"('배은망덕하다느니', 1)","('징징대고', 1)","('뿐입니다', 1)","('안되는거여', 1)","('검냐', 1)","('비슷하다고', 1)",,,"('끝없는', 1)","('충분하다고', 1)",,
"('행복하길', 1)",,"('불안했거든요', 1)","('있는거고', 1)","('있는건', 1)","('친절하잖어', 1)","('아니더라도', 1)","('좋겠네', 1)",,,"('위험할', 1)","('든든할', 1)",,
"('바쁜', 1)",,"('속상했고', 1)","('어마어마하죠', 1)","('올바른', 1)","('있다기', 1)","('둔하다고', 1)","('불편하네요', 1)",,,"('있을듯', 1)","('높은듯', 1)",,
"('행복해져요', 1)",,"('짜증나기도', 1)","('대단할', 1)","('아니였다는', 1)","('심한', 1)","('낮은', 1)","('고소할께요', 1)",,,"('조져줘서', 1)","('멀쩡함', 1)",,
"('좋네', 1)",,"('있게', 1)","('있을거고', 1)","('소중한', 1)","('굴려', 1)","('철저히', 1)","('고소한다고', 1)",,,"('아니었으면', 1)","('독특한데', 1)",,
"('딱딱하게', 1)",,"('답답한가', 1)","('있었다며', 1)","('필요없다고', 1)","('길어', 1)","('없는건', 1)","('그럴', 1)",,,"('당했다고', 1)","('빠르나', 1)",,
"('우승하면', 1)",,"('답답하다고', 1)","('많는', 1)","('비슷하다면', 1)","('찡한데', 1)","('부러워하고', 1)","('미개한', 1)",,,"('아니었어', 1)","('있어지는것처럼', 1)",,
"('달콤함과', 1)",,"('있다고', 1)","('명확하진', 1)","('비슷할수도', 1)","('친절함에', 1)","('안타깝네요', 1)","('좋아요', 1)",,,"('쎄서', 1)","('좋겠습니다', 1)",,
"('청량함', 1)",,"('있지', 1)","('맛있어요', 1)","('월등히', 1)","('귀엽네', 1)","('괜찮은데', 1)","('안되나요', 1)",,,"('미안합니다', 1)","('당했지만', 1)",,
"('잘생겨', 1)",,"('없잖아', 1)","('그렇다구요', 1)","('날카롭죠', 1)","('반갑', 1)","('힘든', 1)","('오래된', 1)",,,"('잘생긴', 1)","('있으니까', 1)",,
"('나쁘지', 1)",,"('소중하고', 1)","('있었을텐데', 1)","('중요한건', 1)","('부탁드려요', 1)","('괜찮은', 1)","('불안하게', 1)",,,"('아쉽지만', 1)","('강하다는', 1)",,
"('착해서', 1)",,"('예쁘고', 1)","('기대하고', 1)","('뿐인', 1)","('반가워서', 1)","('열악하기', 1)","('아니지안나', 1)",,,,"('유일한', 1)",,
"('흐뭇하게', 1)",,"('아름답게', 1)","('뿐이었음', 1)","('중요한', 1)","('그럴', 1)","('조용하게', 1)","('있는거지', 1)",,,,"('성장해서', 1)",,
"('싫다는', 1)",,"('슬플거', 1)","('재밌다고하다가', 1)","('착한', 1)","('있었다', 1)","('기대하시는', 1)","('아니잖아', 1)",,,,"('빠를듯', 1)",,
"('재수없네', 1)",,"('비슷한', 1)","('있지', 1)","('그랬을', 1)","('다른것', 1)","('좋아할수가', 1)",,,,,"('좋아', 1)",,
"('불편하냐', 1)",,"('스럽네요', 1)","('쎄지만', 1)","('있는가에', 1)","('그만합시다', 1)","('없다니까', 1)",,,,,"('만족한', 1)",,
"('설레네', 1)",,"('위험해서', 1)","('안되더라', 1)","('있을지', 1)","('없는데', 1)","('놀라운건', 1)",,,,,"('높으며', 1)",,
"('저래', 1)",,"('같다고', 1)","('비겁한', 1)","('궁금합니다', 1)","('있겠지만', 1)","('쎄다', 1)",,,,,"('빡치겠나', 1)",,
"('아닙니까', 1)",,"('고운', 1)","('성장해서', 1)","('그런지', 1)","('안되서', 1)","('그래줘', 1)",,,,,"('그래도', 1)",,
"('어색해지지', 1)",,"('수많은', 1)","('더세니까', 1)","('안타깝네', 1)",,"('있는게', 1)",,,,,"('더러운', 1)",,
"('같은거지', 1)",,"('똑똑하고', 1)","('변할거', 1)","('아닌데요', 1)",,"('없었고', 1)",,,,,"('당해', 1)",,
"('그러고', 1)",,"('가까운', 1)","('잘난', 1)","('힘드네', 1)",,"('그러던', 1)",,,,,"('안되고', 1)",,
"('싫긴한데', 1)",,"('넓은', 1)","('뻔해', 1)","('이럴려고', 1)",,"('조질', 1)",,,,,"('고통스러워하는데', 1)",,
"('싫음', 1)",,"('있도록', 1)","('옳았습니다', 1)","('불타는걸', 1)",,"('있지', 1)",,,,,"('있는것도', 1)",,
"('더러워서', 1)",,"('아프다', 1)","('같지만', 1)","('많아', 1)",,"('무서웠고', 1)",,,,,"('아린이랑', 1)",,
"('없어서', 1)",,"('위험하겠지만', 1)","('멋지네', 1)","('가까운', 1)",,"('야할듯', 1)",,,,,"('약하게', 1)",,
"('없냐', 1)",,"('무사했으면', 1)","('더있다', 1)","('높습니다', 1)",,"('있냐', 1)",,,,,"('죄송합니다', 1)",,
"('설렌다', 1)",,"('이런건', 1)","('나쁜줄', 1)","('하얀', 1)",,"('없냐를', 1)",,,,,"('당하는것에', 1)",,
"('가득하길', 1)",,"('어려운', 1)","('아니었구나', 1)","('없다는건', 1)",,"('같은거', 1)",,,,,"('있는듯', 1)",,
"('숭고한', 1)",,"('미쳤어요', 1)","('미안해', 1)","('많아도', 1)",,"('그지같', 1)",,,,,"('강한거지', 1)",,
"('그래요', 1)",,"('아픈데', 1)","('아니잖아', 1)","('괴로울', 1)",,"('행복할듯', 1)",,,,,"('간단히', 1)",,
"('아니죠', 1)",,"('좋아', 1)","('안되는게', 1)","('아니죠', 1)",,"('분명할거고', 1)",,,,,"('아린에', 1)",,
"('미치겠다', 1)",,"('있는거죠', 1)","('뚱뚱하거나', 1)","('필요합니다', 1)",,"('부자였지', 1)",,,,,"('아니라고', 1)",,
"('좋겠지만', 1)",,"('원하지만', 1)","('착해야되', 1)","('아니었으나', 1)",,"('불가능한', 1)",,,,,"('당한것', 1)",,
"('좋아하니', 1)",,,"('날씬한', 1)","('강해져서', 1)",,"('설치다가', 1)",,,,,"('강할테니', 1)",,
"('있었는데', 1)",,,"('나빠야', 1)","('미쳐가는', 1)",,"('당하지', 1)",,,,,"('당할거란', 1)",,
"('쓸모없어', 1)",,,"('진부한건', 1)","('원했지만', 1)",,"('궁금해지네', 1)",,,,,"('안되구나', 1)",,
"('중요한', 1)",,,"('잘생긴', 1)","('만족하며', 1)",,"('배은망덕하게도', 1)",,,,,"('단단해질', 1)",,
"('검은', 1)",,,"('뚱뚱한', 1)","('비슷한', 1)",,"('살벌함이', 1)",,,,,"('아파하는거', 1)",,
"('이랬잖', 1)",,,"('미묘하게', 1)","('미쳤었던', 1)",,"('없지만', 1)",,,,,"('안된', 1)",,
"('사소한거에', 1)",,,"('찝찝하다', 1)","('거대하고', 1)",,"('망하는거예요', 1)",,,,,"('아무렇지도', 1)",,
"('부여하는거라고', 1)",,,"('성하고', 1)","('강하길래', 1)",,"('아닌건', 1)",,,,,"('한심한', 1)",,
"('심함', 1)",,,"('죄송하지만', 1)","('강한', 1)",,"('확실하고', 1)",,,,,"('정신차리고', 1)",,
"('부끄러운게', 1)",,,"('없어서', 1)","('힘드시고', 1)",,"('아니니까', 1)",,,,,"('강해졌지만', 1)",,
"('아닙니다', 1)",,,"('그런것', 1)","('성공하셔서', 1)",,"('너무하다', 1)",,,,,"('강한것도', 1)",,
"('미다운', 1)",,,"('입니다만', 1)","('나쁜', 1)",,"('여린', 1)",,,,,"('있지만', 1)",,
"('많을', 1)",,,"('없어요', 1)","('아니었을까', 1)",,"('아닌게', 1)",,,,,"('안되는거', 1)",,
"('그런게', 1)",,,"('좋다는걸', 1)","('잘생겼어', 1)",,"('아니지', 1)",,,,,"('어렵게', 1)",,
"('좋은지도', 1)",,,"('적당한', 1)","('완벽하네요', 1)",,"('진정한', 1)",,,,,"('있을텐데', 1)",,
"('무안하게하거나', 1)",,,"('힘들어져요', 1)","('정확하다고', 1)",,"('잘생김', 1)",,,,,"('원하는건', 1)",,
"('불편하게', 1)",,,"('더잘', 1)","('아니지만', 1)",,"('싫어하면서', 1)",,,,,"('지루하다고', 1)",,
"('그런거', 1)",,,"('귀여운거아니야', 1)","('있다고', 1)",,"('서먹해졌다고', 1)",,,,,"('많았지만', 1)",,
"('있다는거', 1)",,,"('좋고', 1)","('비린내', 1)",,"('쾌활해서', 1)",,,,,"('없었음', 1)",,
"('야한', 1)",,,"('재미있는', 1)","('가깝다고', 1)",,"('적응하는', 1)",,,,,"('있는걸', 1)",,
"('거북해', 1)",,,"('속상하네요', 1)","('좋아요', 1)",,"('있어라', 1)",,,,,"('변하나', 1)",,
"('없네요', 1)",,,"('멋있게', 1)","('당하고', 1)",,"('그렇다', 1)",,,,,"('있지', 1)",,
"('재밌었다', 1)",,,"('속상했다구', 1)","('없는거다', 1)",,"('이럴것', 1)",,,,,"('섬세함', 1)",,
"('많은', 1)",,,"('오래된', 1)","('중요한데', 1)",,"('답답해', 1)",,,,,"('흔히', 1)",,
"('훈훈한', 1)",,,"('괜찮잖아요', 1)","('괜찮은', 1)",,"('미칠것', 1)",,,,,"('높음', 1)",,
"('좋네요', 1)",,,"('색다른', 1)","('잘난', 1)",,"('힘들게', 1)",,,,,"('있었던', 1)",,
"('안좋아져서', 1)",,,"('적합한', 1)","('고맙구만', 1)",,"('행복하게', 1)",,,,,"('평범한', 1)",,
"('괜찮', 1)",,,"('두렵다', 1)","('있다면', 1)",,"('시원하게', 1)",,,,,"('아니라는', 1)",,
"('순수한', 1)",,,"('흥미로운', 1)","('아니에요', 1)",,"('짜증나', 1)",,,,,"('빠르에', 1)",,
"('아픈', 1)",,,"('망했지', 1)","('비슷한데', 1)",,"('없냐', 1)",,,,,"('계실까', 1)",,
"('좋긴', 1)",,,"('높은', 1)","('차가있겠지만', 1)",,"('해롭습니다', 1)",,,,,"('힘듬', 1)",,
"('좋아하는것', 1)",,,"('무사히', 1)","('궁금하군요', 1)",,"('그렇게나', 1)",,,,,"('짜증나려', 1)",,
"('조져', 1)",,,"('없네', 1)","('자연스러', 1)",,"('저래', 1)",,,,,"('없어서', 1)",,
"('까말까', 1)",,,"('있는것', 1)","('어떡할거냐', 1)",,"('있자', 1)",,,,,"('쎈거', 1)",,
"('원한다고', 1)",,,"('불쾌한', 1)","('없다는걸', 1)",,"('젊다고', 1)",,,,,"('있으니', 1)",,
"('곤란하게', 1)",,,"('있었구요', 1)","('순해서가', 1)",,"('무섭습니다', 1)",,,,,"('당연히', 1)",,
"('예쁘게', 1)",,,"('무리하게', 1)","('배고프다', 1)",,"('이뻐', 1)",,,,,"('약할지라도', 1)",,
"('그런거였지만', 1)",,,"('좋다고', 1)","('없나', 1)",,"('젊으신', 1)",,,,,"('의하면', 1)",,
"('있겠다는', 1)",,,"('기쁠것도', 1)","('재밌다는', 1)",,"('아니구', 1)",,,,,"('강함이라', 1)",,
"('같아서', 1)",,,"('없을것', 1)","('재밌게', 1)",,"('좋아합니다', 1)",,,,,"('있었나', 1)",,
"('죄송하단', 1)",,,"('우승해서', 1)","('원하는게', 1)",,"('꼬이는', 1)",,,,,"('같다고', 1)",,
"('예쁜것만', 1)",,,"('뻔한', 1)","('확실한건', 1)",,"('재미있게', 1)",,,,,"('다르네', 1)",,
"('예쁜말만', 1)",,,"('좋아하나보다', 1)","('확실합니다', 1)",,"('많았고', 1)",,,,,"('있었구나', 1)",,
"('예쁜', 1)",,,"('있었다는거는', 1)","('월등함을', 1)",,"('꼬였습니다', 1)",,,,,"('귀여운', 1)",,
"('아깝데', 1)",,,"('아니었네요', 1)","('있을시', 1)",,"('불쌍한데', 1)",,,,,"('성장하거라', 1)",,
"('빡쳤다', 1)",,,"('있었지만', 1)","('철저하게', 1)",,"('아니었을까', 1)",,,,,"('훌륭한', 1)",,
"('뻔하다', 1)",,,"('안되니까', 1)","('완전히', 1)",,"('당하게', 1)",,,,,"('강해지네', 1)",,
"('전화해서', 1)",,,"('원망하다가도', 1)","('굉장한', 1)",,"('나쁜거다', 1)",,,,,"('없구나', 1)",,
"('없으면', 1)",,,"('아프다', 1)","('위험하겠냐', 1)",,"('그러는듯', 1)",,,,,"('가볍게', 1)",,
"('완벽한', 1)",,,"('우승했나', 1)","('호화로우면', 1)",,"('착한거야', 1)",,,,,"('만만한', 1)",,
"('순한', 1)",,,"('싫어하세요', 1)","('고소해야하는거', 1)",,"('그러지', 1)",,,,,"('강해지는지', 1)",,
"('위험해', 1)",,,"('싫어서', 1)","('대단하다', 1)",,"('무책임해', 1)",,,,,"('궁금한데', 1)",,
"('궁금해', 1)",,,"('있었던거네', 1)","('좋아하는', 1)",,"('무섭다', 1)",,,,,"('당했길래', 1)",,
"('상관없는데', 1)",,,"('쎄네', 1)","('없네', 1)",,"('없나', 1)",,,,,"('벌개져서', 1)",,
"('그러는', 1)",,,"('설레냐', 1)","('애절함이', 1)",,"('쎄고', 1)",,,,,"('힘들다', 1)",,
"('정확하게', 1)",,,"('설렌다', 1)","('어마어마하게', 1)",,"('도도하게', 1)",,,,,"('두려워', 1)",,
"('싫어서', 1)",,,"('변한게', 1)","('궁금해', 1)",,"('좋겠음', 1)",,,,,"('민감하다', 1)",,
"('성장했지', 1)",,,"('아픈', 1)","('이럴', 1)",,"('안타깝긴', 1)",,,,,"('착하게', 1)",,
"('힘드시겠네', 1)",,,"('빡친', 1)","('잘생겨', 1)",,"('조지겠네요', 1)",,,,,"('좋겠네', 1)",,
"('당하는', 1)",,,"('시급합니다', 1)","('우세하고', 1)",,"('그렇죠', 1)",,,,,"('착해지긴', 1)",,
"('안타깝습니다', 1)",,,"('위험할까봐', 1)","('뛰어난데', 1)",,"('당할거고', 1)",,,,,"('착해져도', 1)",,
"('안타깝네요', 1)",,,"('그만해라', 1)","('없으니', 1)",,"('그렇듯', 1)",,,,,"('당했는데', 1)",,
"('같다는데', 1)",,,"('귀엽다', 1)","('아무런', 1)",,"('그럴', 1)",,,,,"('똑같은', 1)",,
"('당하는거', 1)",,,"('무섭내요', 1)","('없거든', 1)",,"('착하다는걸', 1)",,,,,"('진실한', 1)",,
"('대견하다', 1)",,,"('무섭네', 1)","('있자나', 1)",,"('중요한것은', 1)",,,,,"('소중함을', 1)",,
"('없다하는게', 1)",,,"('마땅한거지만', 1)","('재밌어요', 1)",,"('아니라고', 1)",,,,,"('있나', 1)",,
"('슬픈건', 1)",,,"('스러울텐데', 1)","('그렇다', 1)",,"('힘든듯', 1)",,,,,"('회복하고', 1)",,
"('슬프다고', 1)",,,"('싫어도', 1)","('당하는', 1)",,"('안되는데', 1)",,,,,"('얌전히', 1)",,
"('좀마', 1)",,,"('너무하다', 1)","('싫다', 1)",,"('없어요', 1)",,,,,"('망한다', 1)",,
"('있었다', 1)",,,"('적나라하게', 1)","('같을', 1)",,"('좋냐', 1)",,,,,"('같기', 1)",,
"('가능하냐', 1)",,,"('스러워요', 1)","('마라', 1)",,"('심할듯', 1)",,,,,"('태평한', 1)",,
"('힘들겠냐', 1)",,,"('흥분하는', 1)","('깊은', 1)",,"('귀엽다고', 1)",,,,,"('친하게', 1)",,
"('인해', 1)",,,"('차가해', 1)","('당하는게', 1)",,"('같잖고', 1)",,,,,"('강한데', 1)",,
"('어려워', 1)",,,"('있는게', 1)","('많았다', 1)",,"('귀여워', 1)",,,,,"('강했다는거고', 1)",,
"('그렀다고', 1)",,,"('명백한', 1)","('같지만', 1)",,"('좋다', 1)",,,,,"('재밌다', 1)",,
"('나쁜게', 1)",,,"('이런건', 1)","('안되셔서', 1)",,"('궁금해', 1)",,,,,"('작지', 1)",,
"('아니야', 1)",,,"('불편함', 1)","('야한다', 1)",,"('착해', 1)",,,,,"('그런지', 1)",,
"('시원하다', 1)",,,"('좋았는데', 1)","('이쁘다', 1)",,"('있으니깐', 1)",,,,,"('참된', 1)",,
"('화하면서', 1)",,,"('불편하고', 1)","('귀엽거나', 1)",,"('좋아하는데', 1)",,,,,"('안되는', 1)",,
"('단순한', 1)",,,"('이렇다는', 1)","('잘생기면서', 1)",,"('의해서', 1)",,,,,"('힘들었을', 1)",,
"('아니라고', 1)",,,"('드럽고못되', 1)","('강력해야해', 1)",,"('위험해진다고', 1)",,,,,"('얇고', 1)",,
"('있었기에', 1)",,,"('그지같은', 1)","('뚱뚱해져야겠군요', 1)",,"('없을테고', 1)",,,,,"('강하고', 1)",,
"('안됨오', 1)",,,"('아니다', 1)","('부탁드립니다', 1)",,"('위험하게', 1)",,,,,"('안되네', 1)",,
"('엄청납니다', 1)",,,"('의해서도', 1)","('엄청나죠', 1)",,"('희한하게', 1)",,,,,"('높은', 1)",,
"('당했어요', 1)",,,"('안되지만', 1)","('두터우셔서', 1)",,"('부드럽게', 1)",,,,,"('없을', 1)",,
"('간단한', 1)",,,"('마땅하나', 1)","('어이없게', 1)",,"('심하면', 1)",,,,,"('이상하죠', 1)",,
"('안되는', 1)",,,"('올바른', 1)","('예뻤다', 1)",,"('필요없는', 1)",,,,,"('관대함과', 1)",,
"('똑같죠', 1)",,,"('마땅하지', 1)","('붉은매', 1)",,"('건강한', 1)",,,,,"('비정함을', 1)",,
"('완전히', 1)",,,"('엄연히', 1)",,,"('싫다는거', 1)",,,,,"('없죠', 1)",,
"('치열하게', 1)",,,"('적나라해서', 1)",,,"('있기에', 1)",,,,,"('더해지면', 1)",,
"('미쳤다', 1)",,,"('잔인하고', 1)",,,"('우수한', 1)",,,,,"('빡친거자', 1)",,
"('필요합니다', 1)",,,"('아니었는데', 1)",,,"('당연한줄', 1)",,,,,"('섭섭해', 1)",,
"('귀여우시네', 1)",,,"('불쾌하지', 1)",,,"('같지', 1)",,,,,"('귀여워', 1)",,
"('답답해', 1)",,,"('불쾌해요', 1)",,,"('좋아', 1)",,,,,"('중요한건', 1)",,
"('나쁜거', 1)",,,"('비참해질', 1)",,,"('무식한', 1)",,,,,"('빠르와의', 1)",,
"('그러잖아요', 1)",,,"('기쁜', 1)",,,"('많고', 1)",,,,,"('너덜너덜한', 1)",,
"('좋겠다고', 1)",,,"('뛰어난', 1)",,,"('낮아서', 1)",,,,,"('당해서', 1)",,
"('싫다하면', 1)",,,"('확실한것', 1)",,,"('짜증나는', 1)",,,,,"('많지', 1)",,
"('싫을듯', 1)",,,"('친하시', 1)",,,"('굴리', 1)",,,,,"('상당히', 1)",,
"('있거나', 1)",,,"('좋아해서', 1)",,,"('있던대', 1)",,,,,"('많습니다', 1)",,
"('부럽', 1)",,,"('더하지마라', 1)",,,"('다른데', 1)",,,,,"('같은데요', 1)",,
"('이빠', 1)",,,"('그렇겠지만', 1)",,,"('좋아하냐', 1)",,,,,"('강해졌듯이', 1)",,
"('자림이라면', 1)",,,"('안되는거', 1)",,,"('다릅니다', 1)",,,,,"('궁금해진다', 1)",,
"('조용히', 1)",,,"('뿌듯하시나요', 1)",,,"('없더니', 1)",,,,,"('있긴', 1)",,
"('망한거', 1)",,,"('기뻐하실까', 1)",,,"('그러고', 1)",,,,,"('아니었음', 1)",,
"('같다고', 1)",,,"('아닙니다', 1)",,,"('부조리한건', 1)",,,,,"('좋은데', 1)",,
"('있는거처럼', 1)",,,"('안전하고', 1)",,,"('심했던건', 1)",,,,,"('높아', 1)",,
"('있을수도', 1)",,,"('있기가', 1)",,,"('다르지만', 1)",,,,,"('비슷할', 1)",,
"('아닐듯', 1)",,,"('괴롭네요', 1)",,,"('충분히', 1)",,,,,"('약할', 1)",,
"('없겠지만', 1)",,,"('있기는', 1)",,,"('서운했다가', 1)",,,,,"('있겠으나', 1)",,
"('즐거워', 1)",,,"('없구요', 1)",,,"('많아', 1)",,,,,"('처절하게', 1)",,
"('있으나', 1)",,,"('불리합니다', 1)",,,"('너무하네', 1)",,,,,"('빠르의', 1)",,
"('있기만', 1)",,,"('중요한건', 1)",,,"('묵묵히', 1)",,,,,"('충분해', 1)",,
"('불안하냐나', 1)",,,"('인해서', 1)",,,"('조용한', 1)",,,,,"('방심했다가', 1)",,
"('이쁘고', 1)",,,"('안좋아지고', 1)",,,"('이렇다', 1)",,,,,"('입거나', 1)",,
"('잘생기니까', 1)",,,"('당하면', 1)",,,"('저렇다', 1)",,,,,"('약하니', 1)",,
"('없었음', 1)",,,"('박해서', 1)",,,"('아니지만', 1)",,,,,"('귀여웠었는데', 1)",,
"('이상한듯', 1)",,,"('야함', 1)",,,"('성실하시고', 1)",,,,,"('멋있네', 1)",,
"('좋으면', 1)",,,"('미친수련', 1)",,,"('짱짱하신건', 1)",,,,,"('천한', 1)",,
"('재미있게', 1)",,,"('당연히', 1)",,,"('길게하는', 1)",,,,,"('안전하게', 1)",,
"('무서웠다', 1)",,,"('당당하다고', 1)",,,"('없으면서', 1)",,,,,"('미쳤다', 1)",,
"('예쁘다', 1)",,,"('그렇듯', 1)",,,"('피곤한게', 1)",,,,,"('좋다', 1)",,
"('자연스러웠다', 1)",,,"('대단한게', 1)",,,"('편해지는게', 1)",,,,,"('같은게', 1)",,
"('궁금해진다', 1)",,,"('같았으면', 1)",,,"('야한다', 1)",,,,,"('같아도', 1)",,
"('적합했다', 1)",,,"('궁금한게', 1)",,,"('없다는거다', 1)",,,,,"('소중하게', 1)",,
"('괜찮은데', 1)",,,"('당당하게', 1)",,,"('잘났다고', 1)",,,,,"('미안해서', 1)",,
"('있었긴', 1)",,,"('이상하게', 1)",,,"('그렇다는', 1)",,,,,"('어떡하냐', 1)",,
"('없으신', 1)",,,"('안되는듯', 1)",,,"('착한거네요', 1)",,,,,"('바빴지', 1)",,
"('만족하라는', 1)",,,"('유명해서', 1)",,,"('짜증난다', 1)",,,,,"('아니겠지', 1)",,
"('아플까봐', 1)",,,"('시끄러워서', 1)",,,"('빡치네', 1)",,,,,"('있으', 1)",,
"('태연한', 1)",,,"('같으니까', 1)",,,"('높죠', 1)",,,,,"('냉철하고', 1)",,
"('착하다', 1)",,,"('같잖고', 1)",,,"('캄캄합니다', 1)",,,,,"('성장해', 1)",,
"('없어요', 1)",,,"('드럽게', 1)",,,"('착한줄', 1)",,,,,"('어설픈', 1)",,
"('착하든말든', 1)",,,"('다망했으면', 1)",,,"('나쁘다', 1)",,,,,"('뿐이었어요', 1)",,
"('안좋', 1)",,,"('싫음', 1)",,,"('빡치게', 1)",,,,,"('드라마틱하게', 1)",,
"('친하게안', 1)",,,"('많지만', 1)",,,"('재밌겠다', 1)",,,,,"('있겠죠', 1)",,
"('불편할거', 1)",,,"('많으니', 1)",,,"('어떨까', 1)",,,,,"('아니네요', 1)",,
"('빨라', 1)",,,"('당당히', 1)",,,"('아니잖아', 1)",,,,,"('흠잡을', 1)",,
"('설레게', 1)",,,"('죄송하다고', 1)",,,"('없었던', 1)",,,,,"('입니당', 1)",,
"('빠르고', 1)",,,"('조용히하라고', 1)",,,"('빡치는데', 1)",,,,,"('멋있는', 1)",,
"('없는건', 1)",,,"('유일하게', 1)",,,"('귀찮았음', 1)",,,,,"('재밌게', 1)",,
"('있는거야', 1)",,,"('재미있어용', 1)",,,"('이상한', 1)",,,,,"('유치하고', 1)",,
"('아니잖아', 1)",,,"('노란', 1)",,,"('놀래서', 1)",,,,,"('쉬운', 1)",,
"('고마워요', 1)",,,"('무서워하지', 1)",,,"('없겠지', 1)",,,,,"('무리지어', 1)",,
"('고맙습니다', 1)",,,"('아쉬워서', 1)",,,"('퍼런', 1)",,,,,"('강함도', 1)",,
"('야박하', 1)",,,"('궁금해서', 1)",,,"('아프고', 1)",,,,,"('강함이지만', 1)",,
"('재미있어요', 1)",,,"('좀하지마', 1)",,,"('상냥해', 1)",,,,,"('아닌것', 1)",,
"('멋지다', 1)",,,"('기묘하죠', 1)",,,"('비참해', 1)",,,,,"('아니네', 1)",,
"('없겠네요', 1)",,,"('안쓰럽다고', 1)",,,"('비참한', 1)",,,,,"('복잡한', 1)",,
"('쉬운', 1)",,,"('느려', 1)",,,"('있을라', 1)",,,,,"('있었을까', 1)",,
"('답답한게', 1)",,,"('간단하게', 1)",,,"('야한테서', 1)",,,,,"('식겁함', 1)",,
"('휩쓸', 1)",,,"('엄청나게', 1)",,,"('방심하면서', 1)",,,,,"('있었던거지', 1)",,
"('있었던', 1)",,,"('아닐테고', 1)",,,"('무사하다는', 1)",,,,,"('재미있는', 1)",,
"('시원히', 1)",,,"('무서워하지만', 1)",,,"('둥근', 1)",,,,,"('입니다에', 1)",,
"('멋있네', 1)",,,"('가능할꺼', 1)",,,"('고파', 1)",,,,,"('놀라운', 1)",,
"('아니잖아요', 1)",,,"('강해져야', 1)",,,"('죄송합니다', 1)",,,,,"('입니', 1)",,
"('안되네요', 1)",,,"('강해지기', 1)",,,"('착한거다', 1)",,,,,"('생소한', 1)",,
"('유치하다', 1)",,,"('같아지고', 1)",,,"('희란', 1)",,,,,"('있다는것이', 1)",,
"('중요한게', 1)",,,"('강하단', 1)",,,"('무서워', 1)",,,,,"('신기할', 1)",,
"('느리고', 1)",,,"('빨라', 1)",,,"('그랬던', 1)",,,,,"('아닌지', 1)",,
"('아니었고', 1)",,,"('뜨겁다', 1)",,,"('조용히', 1)",,,,,"('귀엽습니다', 1)",,
"('실망하면서', 1)",,,"('변하지', 1)",,,"('어땠었을까', 1)",,,,,"('탄탄한', 1)",,
"('소중함을', 1)",,,"('좋아하게', 1)",,,"('있었단', 1)",,,,,"('강함을', 1)",,
"('미안하지만', 1)",,,"('이상함', 1)",,,"('삭막하겠습니까', 1)",,,,,"('재밌을듯', 1)",,
"('없다', 1)",,,"('아까', 1)",,,"('푸근해', 1)",,,,,"('있으려나', 1)",,
"('있으니까', 1)",,,"('재밌을듯', 1)",,,"('싫은', 1)",,,,,"('아린이아니고', 1)",,
"('있는거지', 1)",,,"('있으시네요', 1)",,,"('힘든줄아십니까', 1)",,,,,"('강한지', 1)",,
"('빠르다고', 1)",,,"('아닌데요', 1)",,,"('아니시니까', 1)",,,,,"('확실한건', 1)",,
"('아닌것', 1)",,,"('귀엽냐', 1)",,,"('있을거라고', 1)",,,,,"('있었음', 1)",,
"('같은데요', 1)",,,"('사랑스러우', 1)",,,"('안된다고', 1)",,,,,"('미치겠다', 1)",,
"('궁금한것', 1)",,,"('필요없음', 1)",,,"('그러는지', 1)",,,,,"('진지한', 1)",,
"('재미없다', 1)",,,"('좋겟다', 1)",,,"('그러려니', 1)",,,,,"('같네여', 1)",,
"('싫어요', 1)",,,"('검은', 1)",,,"('힘든가요', 1)",,,,,"('쎌듯', 1)",,
"('야하죠', 1)",,,"('있을것이며', 1)",,,"('드물긴', 1)",,,,,"('멋있다', 1)",,
"('엄연히', 1)",,,"('있을거란', 1)",,,"('있을텐데', 1)",,,,,"('멋있어', 1)",,
"('다릅니다', 1)",,,"('유치한', 1)",,,"('그러면서', 1)",,,,,"('있을듯', 1)",,
"('중요한건', 1)",,,"('찬찬히', 1)",,,"('적당히', 1)",,,,,"('있구나', 1)",,
"('우울한', 1)",,,"('있네요', 1)",,,"('없듯이', 1)",,,,,"('강하냐면', 1)",,
"('재밌고', 1)",,,"('멋있다고', 1)",,,"('이쁘고', 1)",,,,,"('아린에게서', 1)",,
"('좋아해요', 1)",,,"('착해지길', 1)",,,"('좋으라고', 1)",,,,,"('있을거야', 1)",,
"('잘생겼습니다', 1)",,,"('착해지는', 1)",,,"('섹시하고', 1)",,,,,"('많은데', 1)",,
"('안되나', 1)",,,"('있는거니', 1)",,,"('아름답게', 1)",,,,,"('있었습니다', 1)",,
"('없던데요', 1)",,,"('야한다', 1)",,,"('있는건데', 1)",,,,,"('같은거를', 1)",,
"('아니였어', 1)",,,"('싫더라', 1)",,,"('힘들다', 1)",,,,,"('싫어하는', 1)",,
"('먼데', 1)",,,"('빨랐어', 1)",,,"('있으며', 1)",,,,,"('필요하니까', 1)",,
"('재수없다는', 1)",,,"('있죠', 1)",,,"('역겨운', 1)",,,,,"('심한거', 1)",,
"('있었잖아', 1)",,,"('안좋게', 1)",,,"('싫습니다', 1)",,,,,"('쎄길래', 1)",,
"('속상해하는건', 1)",,,"('죄송해요', 1)",,,"('건강히', 1)",,,,,"('용맹하고', 1)",,
"('얄미울거', 1)",,,"('부탁드려요', 1)",,,"('있도록', 1)",,,,,"('당할', 1)",,
"('아까울만큼', 1)",,,"('안되어', 1)",,,"('있긴하네요', 1)",,,,,"('없다해', 1)",,
"('멋진', 1)",,,"('있었으면', 1)",,,"('날카롭고', 1)",,,,,"('유치하게', 1)",,
"('아니더라', 1)",,,"('좋겠다는', 1)",,,"('나쁩니다', 1)",,,,,"('아니었나', 1)",,
"('좋아할', 1)",,,"('좋아하는', 1)",,,"('망한', 1)",,,,,"('약하진', 1)",,
"('있냐', 1)",,,"('아닐수도', 1)",,,"('부였습니다', 1)",,,,,"('아닐거라', 1)",,
"('안타깝다', 1)",,,"('있고요', 1)",,,"('부당하다고', 1)",,,,,"('안되지', 1)",,
"('슬퍼', 1)",,,"('똑같다', 1)",,,"('확실하다', 1)",,,,,"('있는건데', 1)",,
"('좋아하지말자', 1)",,,"('느리다에서', 1)",,,"('아닙니까', 1)",,,,,"('없었는데', 1)",,
"('안되네', 1)",,,,,,"('좋을꺼', 1)",,,,,"('커다란', 1)",,
"('그러네', 1)",,,,,,"('그만하고', 1)",,,,,"('궁금하네요', 1)",,
"('있겠다', 1)",,,,,,"('안되는말로', 1)",,,,,"('저래', 1)",,
"('좋앗는데', 1)",,,,,,"('아닌진', 1)",,,,,"('멍청한', 1)",,
"('안쓰럽다', 1)",,,,,,"('힘들다하지', 1)",,,,,"('같은거', 1)",,
"('좋아했는데', 1)",,,,,,"('힘들', 1)",,,,,"('없을꺼다', 1)",,
"('비슷해서', 1)",,,,,,"('미쳐', 1)",,,,,"('멋집니다', 1)",,
"('이뻐', 1)",,,,,,"('없을거다', 1)",,,,,"('미워할', 1)",,
"('좋아해주고', 1)",,,,,,"('어이없는', 1)",,,,,"('없다', 1)",,
"('서운함은', 1)",,,,,,"('싫다', 1)",,,,,"('아까', 1)",,
"('서운한', 1)",,,,,,"('싫어한다', 1)",,,,,"('변했는데', 1)",,
"('똑같은', 1)",,,,,,"('안되냐', 1)",,,,,"('인한', 1)",,
"('아팠고', 1)",,,,,,"('사이좋게', 1)",,,,,"('근사해진건', 1)",,
"('좋아하는데', 1)",,,,,,"('재밌는데', 1)",,,,,"('무서운', 1)",,
"('불쌍하다', 1)",,,,,,"('있을게', 1)",,,,,"('부러운', 1)",,
"('좋아하겟음', 1)",,,,,,"('있어야', 1)",,,,,"('그리세요', 1)",,
"('신나하고', 1)",,,,,,"('당할게', 1)",,,,,"('가능했던거야', 1)",,
"('좋아한거도', 1)",,,,,,"('뻔하지만', 1)",,,,,"('비열한', 1)",,
"('그런건데', 1)",,,,,,"('있을까', 1)",,,,,"('같더니', 1)",,
"('당연한거', 1)",,,,,,"('그런게', 1)",,,,,"('당하는', 1)",,
"('같긴', 1)",,,,,,"('안된다', 1)",,,,,"('재밌는', 1)",,
"('평범한', 1)",,,,,,,,,,,"('야하는', 1)",,
"('있었음', 1)",,,,,,,,,,,"('의심스럽다', 1)",,
"('원합니다', 1)",,,,,,,,,,,"('있으며', 1)",,
"('아깝다', 1)",,,,,,,,,,,"('있었다', 1)",,
"('실망한', 1)",,,,,,,,,,,"('있다는거', 1)",,
"('있을줄', 1)",,,,,,,,,,,"('많고', 1)",,
"('없네', 1)",,,,,,,,,,,"('많내요', 1)",,
"('신기한건', 1)",,,,,,,,,,,"('있더라고요', 1)",,
"('영원해라', 1)",,,,,,,,,,,"('확실하다', 1)",,
"('깊게', 1)",,,,,,,,,,,"('분명하니까', 1)",,
"('행복하게', 1)",,,,,,,,,,,"('필요해서', 1)",,
"('자림이치마', 1)",,,,,,,,,,,"('안되니까', 1)",,
"('치밀한', 1)",,,,,,,,,,,"('필요없다', 1)",,
"('치밀하지만', 1)",,,,,,,,,,,"('아픈', 1)",,
"('치밀하', 1)",,,,,,,,,,,"('강해진듯', 1)",,
"('그런것', 1)",,,,,,,,,,,"('그런거', 1)",,
"('심한', 1)",,,,,,,,,,,"('필요없고', 1)",,
"('좋아하지', 1)",,,,,,,,,,,"('같다는', 1)",,
"('뿐입니다', 1)",,,,,,,,,,,"('노랗고', 1)",,
"('좋아했죠', 1)",,,,,,,,,,,"('가능한', 1)",,
"('그러니깐', 1)",,,,,,,,,,,"('그렇다면', 1)",,
"('좋지만', 1)",,,,,,,,,,,"('없다는거', 1)",,
"('재미있고', 1)",,,,,,,,,,,"('양하고있으니', 1)",,
"('없을듯', 1)",,,,,,,,,,,"('하얀', 1)",,
"('예쁘고', 1)",,,,,,,,,,,,,
"('좋아서', 1)",,,,,,,,,,,,,
"('비슷한', 1)",,,,,,,,,,,,,
"('어려운데', 1)",,,,,,,,,,,,,
"('설렜다', 1)",,,,,,,,,,,,,
"('고맙', 1)",,,,,,,,,,,,,
"('그러시는건데', 1)",,,,,,,,,,,,,
"('섭섭할지언정', 1)",,,,,,,,,,,,,
"('안되죠', 1)",,,,,,,,,,,,,
"('엄청난', 1)",,,,,,,,,,,,,
"('편히', 1)",,,,,,,,,,,,,
"('부탁드리겠습니다', 1)",,,,,,,,,,,,,
"('그렇습니다', 1)",,,,,,,,,,,,,
"('불쾌하다는', 1)",,,,,,,,,,,,,
"('좋아하세요', 1)",,,,,,,,,,,,,
"('미쳐', 1)",,,,,,,,,,,,,
"('계셔', 1)",,,,,,,,,,,,,
"('절묘해지는데', 1)",,,,,,,,,,,,,
"('무서워질', 1)",,,,,,,,,,,,,
"('뿐임', 1)",,,,,,,,,,,,,
"('유명한이래', 1)",,,,,,,,,,,,,
"('야해', 1)",,,,,,,,,,,,,
"('빵터짐', 1)",,,,,,,,,,,,,
"('아니에요', 1)",,,,,,,,,,,,,
"('이런거', 1)",,,,,,,,,,,,,
"('확실하고전', 1)",,,,,,,,,,,,,
"('그랬지', 1)",,,,,,,,,,,,,
"('왠만한건', 1)",,,,,,,,,,,,,
"('기대했다', 1)",,,,,,,,,,,,,
"('영원히', 1)",,,,,,,,,,,,,
"('훈훈하고', 1)",,,,,,,,,,,,,
"('좋은데', 1)",,,,,,,,,,,,,
"('어떻겠어요', 1)",,,,,,,,,,,,,
"('놀라운', 1)",,,,,,,,,,,,,
"('없었다는', 1)",,,,,,,,,,,,,
"('안좋은', 1)",,,,,,,,,,,,,
"('굴면서', 1)",,,,,,,,,,,,,
"('미워하고', 1)",,,,,,,,,,,,,
"('당했다', 1)",,,,,,,,,,,,,
"('싫어', 1)",,,,,,,,,,,,,
"('그만해주세요', 1)",,,,,,,,,,,,,
"('필요해', 1)",,,,,,,,,,,,,
"('훈훈했어', 1)",,,,,,,,,,,,,
"('솔직하게', 1)",,,,,,,,,,,,,
"('미묘하게', 1)",,,,,,,,,,,,,
"('재밌음', 1)",,,,,,,,,,,,,
"('아까까지', 1)",,,,,,,,,,,,,
"('행복하다', 1)",,,,,,,,,,,,,
"('당하겠군', 1)",,,,,,,,,,,,,
"('그렇다면', 1)",,,,,,,,,,,,,
"('다르긴', 1)",,,,,,,,,,,,,
"('야한다니', 1)",,,,,,,,,,,,,
